dt,state_name,gas_price_usd_per_gallon
2024-03-14,CA,4.693
2024-03-15,CA,4.693
2024-03-16,CA,4.693
2024-03-17,CA,4.693
2024-03-18,CA,4.734
2024-03-19,CA,4.734
2024-03-20,CA,4.734
2024-03-21,CA,4.734
2024-03-22,CA,4.734
2024-03-23,CA,4.734
2024-03-24,CA,4.734
2024-03-25,CA,4.801
2024-03-26,CA,4.801
2024-03-27,CA,4.801
2024-03-28,CA,4.801
2024-03-29,CA,4.801
2024-03-30,CA,4.801
2024-03-31,CA,4.801
2024-04-01,CA,4.904
2024-04-02,CA,4.904
2024-04-03,CA,4.904
2024-04-04,CA,4.904
2024-04-05,CA,4.904
2024-04-06,CA,4.904
2024-04-07,CA,4.904
2024-04-08,CA,5.142
2024-04-09,CA,5.142
2024-04-10,CA,5.142
2024-04-11,CA,5.142
2024-04-12,CA,5.142
2024-04-13,CA,5.142
2024-04-14,CA,5.142
2024-04-15,CA,5.271
2024-04-16,CA,5.271
2024-04-17,CA,5.271
2024-04-18,CA,5.271
2024-04-19,CA,5.271
2024-04-20,CA,5.271
2024-04-21,CA,5.271
2024-04-22,CA,5.237
2024-04-23,CA,5.237
2024-04-24,CA,5.237
2024-04-25,CA,5.237
2024-04-26,CA,5.237
2024-04-27,CA,5.237
2024-04-28,CA,5.237
2024-04-29,CA,5.172
2024-04-30,CA,5.172
2024-05-01,CA,5.172
2024-05-02,CA,5.172
2024-05-03,CA,5.172
2024-05-04,CA,5.172
2024-05-05,CA,5.172
2024-05-06,CA,5.116
2024-05-07,CA,5.116
2024-05-08,CA,5.116
2024-05-09,CA,5.116
2024-05-10,CA,5.116
2024-05-11,CA,5.116
2024-05-12,CA,5.116
2024-05-13,CA,5.046
2024-05-14,CA,5.046
2024-05-15,CA,5.046
2024-05-16,CA,5.046
2024-05-17,CA,5.046
2024-05-18,CA,5.046
2024-05-19,CA,5.046
2024-05-20,CA,4.965
2024-05-21,CA,4.965
2024-05-22,CA,4.965
2024-05-23,CA,4.965
2024-05-24,CA,4.965
2024-05-25,CA,4.965
2024-05-26,CA,4.965
2024-05-27,CA,4.892
2024-05-28,CA,4.892
2024-05-29,CA,4.892
2024-05-30,CA,4.892
2024-05-31,CA,4.892
2024-06-01,CA,4.892
2024-06-02,CA,4.892
2024-06-03,CA,4.808
2024-06-04,CA,4.808
2024-06-05,CA,4.808
2024-06-06,CA,4.808
2024-06-07,CA,4.808
2024-06-08,CA,4.808
2024-06-09,CA,4.808
2024-06-10,CA,4.679
2024-06-11,CA,4.679
2024-06-12,CA,4.679
2024-06-13,CA,4.679
2024-06-14,CA,4.679
2024-06-15,CA,4.679
2024-06-16,CA,4.679
2024-06-17,CA,4.599
2024-06-18,CA,4.599
2024-06-19,CA,4.599
2024-06-20,CA,4.599
2024-06-21,CA,4.599
2024-06-22,CA,4.599
2024-06-23,CA,4.599
2024-06-24,CA,4.564
2024-06-25,CA,4.564
2024-06-26,CA,4.564
2024-06-27,CA,4.564
2024-06-28,CA,4.564
2024-06-29,CA,4.564
2024-06-30,CA,4.564
2024-07-01,CA,4.533
2024-07-02,CA,4.533
2024-07-03,CA,4.533
2024-07-04,CA,4.533
2024-07-05,CA,4.533
2024-07-06,CA,4.533
2024-07-07,CA,4.533
2024-07-08,CA,4.535
2024-07-09,CA,4.535
2024-07-10,CA,4.535
2024-07-11,CA,4.535
2024-07-12,CA,4.535
2024-07-13,CA,4.535
2024-07-14,CA,4.535
2024-07-15,CA,4.487
2024-07-16,CA,4.487
2024-07-17,CA,4.487
2024-07-18,CA,4.487
2024-07-19,CA,4.487
2024-07-20,CA,4.487
2024-07-21,CA,4.487
2024-07-22,CA,4.428
2024-07-23,CA,4.428
2024-07-24,CA,4.428
2024-07-25,CA,4.428
2024-07-26,CA,4.428
2024-07-27,CA,4.428
2024-07-28,CA,4.428
2024-07-29,CA,4.37
2024-07-30,CA,4.37
2024-07-31,CA,4.37
2024-08-01,CA,4.37
2024-08-02,CA,4.37
2024-08-03,CA,4.37
2024-08-04,CA,4.37
2024-08-05,CA,4.355
2024-08-06,CA,4.355
2024-08-07,CA,4.355
2024-08-08,CA,4.355
2024-08-09,CA,4.355
2024-08-10,CA,4.355
2024-08-11,CA,4.355
2024-08-12,CA,4.33
2024-08-13,CA,4.33
2024-08-14,CA,4.33
2024-08-15,CA,4.33
2024-08-16,CA,4.33
2024-08-17,CA,4.33
2024-08-18,CA,4.33
2024-08-19,CA,4.318
2024-08-20,CA,4.318
2024-08-21,CA,4.318
2024-08-22,CA,4.318
2024-08-23,CA,4.318
2024-08-24,CA,4.318
2024-08-25,CA,4.318
2024-08-26,CA,4.325
2024-08-27,CA,4.325
2024-08-28,CA,4.325
2024-08-29,CA,4.325
2024-08-30,CA,4.325
2024-08-31,CA,4.325
2024-09-01,CA,4.325
2024-09-02,CA,4.406
2024-09-03,CA,4.406
2024-09-04,CA,4.406
2024-09-05,CA,4.406
2024-09-06,CA,4.406
2024-09-07,CA,4.406
2024-09-08,CA,4.406
2024-09-09,CA,4.45
2024-09-10,CA,4.45
2024-09-11,CA,4.45
2024-09-12,CA,4.45
2024-09-13,CA,4.45
2024-09-14,CA,4.45
2024-09-15,CA,4.45
2024-09-16,CA,4.515
2024-09-17,CA,4.515
2024-09-18,CA,4.515
2024-09-19,CA,4.515
2024-09-20,CA,4.515
2024-09-21,CA,4.515
2024-09-22,CA,4.515
2024-09-23,CA,4.49
2024-09-24,CA,4.49
2024-09-25,CA,4.49
2024-09-26,CA,4.49
2024-09-27,CA,4.49
2024-09-28,CA,4.49
2024-09-29,CA,4.49
2024-09-30,CA,4.412
2024-10-01,CA,4.412
2024-10-02,CA,4.412
2024-10-03,CA,4.412
2024-10-04,CA,4.412
2024-10-05,CA,4.412
2024-10-06,CA,4.412
2024-10-07,CA,4.408
2024-10-08,CA,4.408
2024-10-09,CA,4.408
2024-10-10,CA,4.408
2024-10-11,CA,4.408
2024-10-12,CA,4.408
2024-10-13,CA,4.408
2024-10-14,CA,4.428
2024-10-15,CA,4.428
2024-10-16,CA,4.428
2024-10-17,CA,4.428
2024-10-18,CA,4.428
2024-10-19,CA,4.428
2024-10-20,CA,4.428
2024-10-21,CA,4.406
2024-10-22,CA,4.406
2024-10-23,CA,4.406
2024-10-24,CA,4.406
2024-10-25,CA,4.406
2024-10-26,CA,4.406
2024-10-27,CA,4.406
2024-10-28,CA,4.326
2024-10-29,CA,4.326
2024-10-30,CA,4.326
2024-10-31,CA,4.326
2024-11-01,CA,4.326
2024-11-02,CA,4.326
2024-11-03,CA,4.326
2024-11-04,CA,4.292
2024-11-05,CA,4.292
2024-11-06,CA,4.292
2024-11-07,CA,4.292
2024-11-08,CA,4.292
2024-11-09,CA,4.292
2024-11-10,CA,4.292
2024-11-11,CA,4.253
2024-11-12,CA,4.253
2024-11-13,CA,4.253
2024-11-14,CA,4.253
2024-11-15,CA,4.253
2024-11-16,CA,4.253
2024-11-17,CA,4.253
2024-11-18,CA,4.196
2024-11-19,CA,4.196
2024-11-20,CA,4.196
2024-11-21,CA,4.196
2024-11-22,CA,4.196
2024-11-23,CA,4.196
2024-11-24,CA,4.196
2024-11-25,CA,4.202
2024-11-26,CA,4.202
2024-11-27,CA,4.202
2024-11-28,CA,4.202
2024-11-29,CA,4.202
2024-11-30,CA,4.202
2024-12-01,CA,4.202
2024-12-02,CA,4.177
2024-12-03,CA,4.177
2024-12-04,CA,4.177
2024-12-05,CA,4.177
2024-12-06,CA,4.177
2024-12-07,CA,4.177
2024-12-08,CA,4.177
2024-12-09,CA,4.141
2024-12-10,CA,4.141
2024-12-11,CA,4.141
2024-12-12,CA,4.141
2024-12-13,CA,4.141
2024-12-14,CA,4.141
2024-12-15,CA,4.141
2024-12-16,CA,4.096
2024-12-17,CA,4.096
2024-12-18,CA,4.096
2024-12-19,CA,4.096
2024-12-20,CA,4.096
2024-12-21,CA,4.096
2024-12-22,CA,4.096
2024-12-23,CA,4.094
2024-12-24,CA,4.094
2024-12-25,CA,4.094
2024-12-26,CA,4.094
2024-12-27,CA,4.094
2024-12-28,CA,4.094
2024-12-29,CA,4.094
2024-12-30,CA,4.105
2024-12-31,CA,4.105
2025-01-01,CA,4.105
2025-01-02,CA,4.105
2025-01-03,CA,4.105
2025-01-04,CA,4.105
2025-01-05,CA,4.105
2025-01-06,CA,4.154
2025-01-07,CA,4.154
2025-01-08,CA,4.154
2025-01-09,CA,4.154
2025-01-10,CA,4.154
2025-01-11,CA,4.154
2025-01-12,CA,4.154
2025-01-13,CA,4.161
2025-01-14,CA,4.161
2025-01-15,CA,4.161
2025-01-16,CA,4.161
2025-01-17,CA,4.161
2025-01-18,CA,4.161
2025-01-19,CA,4.161
2025-01-20,CA,4.212
2025-01-21,CA,4.212
2025-01-22,CA,4.212
2025-01-23,CA,4.212
2025-01-24,CA,4.212
2025-01-25,CA,4.212
2025-01-26,CA,4.212
2025-01-27,CA,4.221
2025-01-28,CA,4.221
2025-01-29,CA,4.221
2025-01-30,CA,4.221
2025-01-31,CA,4.221
2025-02-01,CA,4.221
2025-02-02,CA,4.221
2025-02-03,CA,4.253
2025-02-04,CA,4.253
2025-02-05,CA,4.253
2025-02-06,CA,4.253
2025-02-07,CA,4.253
2025-02-08,CA,4.253
2025-02-09,CA,4.253
2025-02-10,CA,4.392
2025-02-11,CA,4.392
2025-02-12,CA,4.392
2025-02-13,CA,4.392
2025-02-14,CA,4.392
2025-02-15,CA,4.392
2025-02-16,CA,4.392
2025-02-17,CA,4.603
2025-02-18,CA,4.603
2025-02-19,CA,4.603
2025-02-20,CA,4.603
2025-02-21,CA,4.603
2025-02-22,CA,4.603
2025-02-23,CA,4.603
2025-02-24,CA,4.606
2025-02-25,CA,4.606
2025-02-26,CA,4.606
2025-02-27,CA,4.606
2025-02-28,CA,4.606
2025-03-01,CA,4.606
2025-03-02,CA,4.606
2025-03-03,CA,4.533
2025-03-04,CA,4.533
2025-03-05,CA,4.533
2025-03-06,CA,4.533
2025-03-07,CA,4.533
2025-03-08,CA,4.533
2025-03-09,CA,4.533
2025-03-10,CA,4.481
2025-03-11,CA,4.481
2025-03-12,CA,4.481
2025-03-13,CA,4.481
2025-03-14,CA,4.481
2025-03-15,CA,4.481
2025-03-16,CA,4.481
2025-03-17,CA,4.432
2025-03-18,CA,4.432
2025-03-19,CA,4.432
2025-03-20,CA,4.432
2025-03-21,CA,4.432
2025-03-22,CA,4.432
2025-03-23,CA,4.432
2025-03-24,CA,4.418
2025-03-25,CA,4.418
2025-03-26,CA,4.418
2025-03-27,CA,4.418
2025-03-28,CA,4.418
2025-03-29,CA,4.418
2025-03-30,CA,4.418
2025-03-31,CA,4.585
2025-04-01,CA,4.585
2025-04-02,CA,4.585
2025-04-03,CA,4.585
2025-04-04,CA,4.585
2025-04-05,CA,4.585
2025-04-06,CA,4.585
2025-04-07,CA,4.731
2025-04-08,CA,4.731
2025-04-09,CA,4.731
2025-04-10,CA,4.731
2025-04-11,CA,4.731
2025-04-12,CA,4.731
2025-04-13,CA,4.731
2025-04-14,CA,4.666
2025-04-15,CA,4.666
2025-04-16,CA,4.666
2025-04-17,CA,4.666
2025-04-18,CA,4.666
2025-04-19,CA,4.666
2025-04-20,CA,4.666
2025-04-21,CA,4.614
2025-04-22,CA,4.614
2025-04-23,CA,4.614
2025-04-24,CA,4.614
2025-04-25,CA,4.614
2025-04-26,CA,4.614
2025-04-27,CA,4.614
2025-04-28,CA,4.588
2025-04-29,CA,4.588
2025-04-30,CA,4.588
2025-05-01,CA,4.588
2025-05-02,CA,4.588
2025-05-03,CA,4.588
2025-05-04,CA,4.588
2025-05-05,CA,4.552
2025-05-06,CA,4.552
2025-05-07,CA,4.552
2025-05-08,CA,4.552
2025-05-09,CA,4.552
2025-05-10,CA,4.552
2025-05-11,CA,4.552
2025-05-12,CA,4.648
2025-05-13,CA,4.648
2025-05-14,CA,4.648
2025-05-15,CA,4.648
2025-05-16,CA,4.648
2025-05-17,CA,4.648
2025-05-18,CA,4.648
2025-05-19,CA,4.691
2025-05-20,CA,4.691
2025-05-21,CA,4.691
2025-05-22,CA,4.691
2025-05-23,CA,4.691
2025-05-24,CA,4.691
2025-05-25,CA,4.691
2025-05-26,CA,4.626
2025-05-27,CA,4.626
2025-05-28,CA,4.626
2025-05-29,CA,4.626
2025-05-30,CA,4.626
2025-05-31,CA,4.626
2025-06-01,CA,4.626
2025-06-02,CA,4.549
2025-06-03,CA,4.549
2025-06-04,CA,4.549
2025-06-05,CA,4.549
2025-06-06,CA,4.549
2025-06-07,CA,4.549
2025-06-08,CA,4.549
2025-06-09,CA,4.479
2025-06-10,CA,4.479
2025-06-11,CA,4.479
2025-06-12,CA,4.479
2025-06-13,CA,4.479
2025-06-14,CA,4.479
2025-06-15,CA,4.479
2025-06-16,CA,4.427
2025-06-17,CA,4.427
2025-06-18,CA,4.427
2025-06-19,CA,4.427
2025-06-20,CA,4.427
2025-06-21,CA,4.427
2025-06-22,CA,4.427
2025-06-23,CA,4.444
2025-06-24,CA,4.444
2025-06-25,CA,4.444
2025-06-26,CA,4.444
2025-06-27,CA,4.444
2025-06-28,CA,4.444
2025-06-29,CA,4.444
2025-06-30,CA,4.36
2025-07-01,CA,4.36
2025-07-02,CA,4.36
2025-07-03,CA,4.36
2025-07-04,CA,4.36
2025-07-05,CA,4.36
2025-07-06,CA,4.36
2025-07-07,CA,4.328
2025-07-08,CA,4.328
2025-07-09,CA,4.328
2025-07-10,CA,4.328
2025-07-11,CA,4.328
2025-07-12,CA,4.328
2025-07-13,CA,4.328
2025-07-14,CA,4.28
2025-07-15,CA,4.28
2025-07-16,CA,4.28
2025-07-17,CA,4.28
2025-07-18,CA,4.28
2025-07-19,CA,4.28
2025-07-20,CA,4.28
2025-07-21,CA,4.257
2025-07-22,CA,4.257
2025-07-23,CA,4.257
2025-07-24,CA,4.257
2025-07-25,CA,4.257
2025-07-26,CA,4.257
2025-07-27,CA,4.257
2025-07-28,CA,4.234
2025-07-29,CA,4.234
2025-07-30,CA,4.234
2025-07-31,CA,4.234
2025-08-01,CA,4.234
2025-08-02,CA,4.234
2025-08-03,CA,4.234
2025-08-04,CA,4.27
2025-08-05,CA,4.27
2025-08-06,CA,4.27
2025-08-07,CA,4.27
2025-08-08,CA,4.27
2025-08-09,CA,4.27
2025-08-10,CA,4.27
2025-08-11,CA,4.266
2025-08-12,CA,4.266
2025-08-13,CA,4.266
2025-08-14,CA,4.266
2025-08-15,CA,4.266
2025-08-16,CA,4.266
2025-08-17,CA,4.266
2025-08-18,CA,4.271
2025-08-19,CA,4.271
2025-08-20,CA,4.271
2025-08-21,CA,4.271
2025-08-22,CA,4.271
2025-08-23,CA,4.271
2025-08-24,CA,4.271
2025-08-25,CA,4.352
2025-08-26,CA,4.352
2025-08-27,CA,4.352
2025-08-28,CA,4.352
2025-08-29,CA,4.352
2025-08-30,CA,4.352
2025-08-31,CA,4.352
2025-09-01,CA,4.397
2025-09-02,CA,4.397
2025-09-03,CA,4.397
2025-09-04,CA,4.397
2025-09-05,CA,4.397
2025-09-06,CA,4.397
2025-09-07,CA,4.397
2025-09-08,CA,4.422
2025-09-09,CA,4.422
2025-09-10,CA,4.422
2025-09-11,CA,4.422
2025-09-12,CA,4.422
2025-09-13,CA,4.422
2025-09-14,CA,4.422
2024-03-14,CO,2.949
2024-03-15,CO,2.949
2024-03-16,CO,2.949
2024-03-17,CO,2.949
2024-03-18,CO,3.011
2024-03-19,CO,3.011
2024-03-20,CO,3.011
2024-03-21,CO,3.011
2024-03-22,CO,3.011
2024-03-23,CO,3.011
2024-03-24,CO,3.011
2024-03-25,CO,3.012
2024-03-26,CO,3.012
2024-03-27,CO,3.012
2024-03-28,CO,3.012
2024-03-29,CO,3.012
2024-03-30,CO,3.012
2024-03-31,CO,3.012
2024-04-01,CO,3.025
2024-04-02,CO,3.025
2024-04-03,CO,3.025
2024-04-04,CO,3.025
2024-04-05,CO,3.025
2024-04-06,CO,3.025
2024-04-07,CO,3.025
2024-04-08,CO,2.999
2024-04-09,CO,2.999
2024-04-10,CO,2.999
2024-04-11,CO,2.999
2024-04-12,CO,2.999
2024-04-13,CO,2.999
2024-04-14,CO,2.999
2024-04-15,CO,3.014
2024-04-16,CO,3.014
2024-04-17,CO,3.014
2024-04-18,CO,3.014
2024-04-19,CO,3.014
2024-04-20,CO,3.014
2024-04-21,CO,3.014
2024-04-22,CO,3.121
2024-04-23,CO,3.121
2024-04-24,CO,3.121
2024-04-25,CO,3.121
2024-04-26,CO,3.121
2024-04-27,CO,3.121
2024-04-28,CO,3.121
2024-04-29,CO,3.047
2024-04-30,CO,3.047
2024-05-01,CO,3.047
2024-05-02,CO,3.047
2024-05-03,CO,3.047
2024-05-04,CO,3.047
2024-05-05,CO,3.047
2024-05-06,CO,3.224
2024-05-07,CO,3.224
2024-05-08,CO,3.224
2024-05-09,CO,3.224
2024-05-10,CO,3.224
2024-05-11,CO,3.224
2024-05-12,CO,3.224
2024-05-13,CO,3.131
2024-05-14,CO,3.131
2024-05-15,CO,3.131
2024-05-16,CO,3.131
2024-05-17,CO,3.131
2024-05-18,CO,3.131
2024-05-19,CO,3.131
2024-05-20,CO,3.323
2024-05-21,CO,3.323
2024-05-22,CO,3.323
2024-05-23,CO,3.323
2024-05-24,CO,3.323
2024-05-25,CO,3.323
2024-05-26,CO,3.323
2024-05-27,CO,3.208
2024-05-28,CO,3.208
2024-05-29,CO,3.208
2024-05-30,CO,3.208
2024-05-31,CO,3.208
2024-06-01,CO,3.208
2024-06-02,CO,3.208
2024-06-03,CO,3.284
2024-06-04,CO,3.284
2024-06-05,CO,3.284
2024-06-06,CO,3.284
2024-06-07,CO,3.284
2024-06-08,CO,3.284
2024-06-09,CO,3.284
2024-06-10,CO,3.146
2024-06-11,CO,3.146
2024-06-12,CO,3.146
2024-06-13,CO,3.146
2024-06-14,CO,3.146
2024-06-15,CO,3.146
2024-06-16,CO,3.146
2024-06-17,CO,3.264
2024-06-18,CO,3.264
2024-06-19,CO,3.264
2024-06-20,CO,3.264
2024-06-21,CO,3.264
2024-06-22,CO,3.264
2024-06-23,CO,3.264
2024-06-24,CO,3.154
2024-06-25,CO,3.154
2024-06-26,CO,3.154
2024-06-27,CO,3.154
2024-06-28,CO,3.154
2024-06-29,CO,3.154
2024-06-30,CO,3.154
2024-07-01,CO,3.27
2024-07-02,CO,3.27
2024-07-03,CO,3.27
2024-07-04,CO,3.27
2024-07-05,CO,3.27
2024-07-06,CO,3.27
2024-07-07,CO,3.27
2024-07-08,CO,3.342
2024-07-09,CO,3.342
2024-07-10,CO,3.342
2024-07-11,CO,3.342
2024-07-12,CO,3.342
2024-07-13,CO,3.342
2024-07-14,CO,3.342
2024-07-15,CO,3.279
2024-07-16,CO,3.279
2024-07-17,CO,3.279
2024-07-18,CO,3.279
2024-07-19,CO,3.279
2024-07-20,CO,3.279
2024-07-21,CO,3.279
2024-07-22,CO,3.198
2024-07-23,CO,3.198
2024-07-24,CO,3.198
2024-07-25,CO,3.198
2024-07-26,CO,3.198
2024-07-27,CO,3.198
2024-07-28,CO,3.198
2024-07-29,CO,3.309
2024-07-30,CO,3.309
2024-07-31,CO,3.309
2024-08-01,CO,3.309
2024-08-02,CO,3.309
2024-08-03,CO,3.309
2024-08-04,CO,3.309
2024-08-05,CO,3.322
2024-08-06,CO,3.322
2024-08-07,CO,3.322
2024-08-08,CO,3.322
2024-08-09,CO,3.322
2024-08-10,CO,3.322
2024-08-11,CO,3.322
2024-08-12,CO,3.277
2024-08-13,CO,3.277
2024-08-14,CO,3.277
2024-08-15,CO,3.277
2024-08-16,CO,3.277
2024-08-17,CO,3.277
2024-08-18,CO,3.277
2024-08-19,CO,3.382
2024-08-20,CO,3.382
2024-08-21,CO,3.382
2024-08-22,CO,3.382
2024-08-23,CO,3.382
2024-08-24,CO,3.382
2024-08-25,CO,3.382
2024-08-26,CO,3.273
2024-08-27,CO,3.273
2024-08-28,CO,3.273
2024-08-29,CO,3.273
2024-08-30,CO,3.273
2024-08-31,CO,3.273
2024-09-01,CO,3.273
2024-09-02,CO,3.363
2024-09-03,CO,3.363
2024-09-04,CO,3.363
2024-09-05,CO,3.363
2024-09-06,CO,3.363
2024-09-07,CO,3.363
2024-09-08,CO,3.363
2024-09-09,CO,3.252
2024-09-10,CO,3.252
2024-09-11,CO,3.252
2024-09-12,CO,3.252
2024-09-13,CO,3.252
2024-09-14,CO,3.252
2024-09-15,CO,3.252
2024-09-16,CO,3.364
2024-09-17,CO,3.364
2024-09-18,CO,3.364
2024-09-19,CO,3.364
2024-09-20,CO,3.364
2024-09-21,CO,3.364
2024-09-22,CO,3.364
2024-09-23,CO,3.419
2024-09-24,CO,3.419
2024-09-25,CO,3.419
2024-09-26,CO,3.419
2024-09-27,CO,3.419
2024-09-28,CO,3.419
2024-09-29,CO,3.419
2024-09-30,CO,3.446
2024-10-01,CO,3.446
2024-10-02,CO,3.446
2024-10-03,CO,3.446
2024-10-04,CO,3.446
2024-10-05,CO,3.446
2024-10-06,CO,3.446
2024-10-07,CO,3.267
2024-10-08,CO,3.267
2024-10-09,CO,3.267
2024-10-10,CO,3.267
2024-10-11,CO,3.267
2024-10-12,CO,3.267
2024-10-13,CO,3.267
2024-10-14,CO,3.213
2024-10-15,CO,3.213
2024-10-16,CO,3.213
2024-10-17,CO,3.213
2024-10-18,CO,3.213
2024-10-19,CO,3.213
2024-10-20,CO,3.213
2024-10-21,CO,3.108
2024-10-22,CO,3.108
2024-10-23,CO,3.108
2024-10-24,CO,3.108
2024-10-25,CO,3.108
2024-10-26,CO,3.108
2024-10-27,CO,3.108
2024-10-28,CO,3.11
2024-10-29,CO,3.11
2024-10-30,CO,3.11
2024-10-31,CO,3.11
2024-11-01,CO,3.11
2024-11-02,CO,3.11
2024-11-03,CO,3.11
2024-11-04,CO,2.99
2024-11-05,CO,2.99
2024-11-06,CO,2.99
2024-11-07,CO,2.99
2024-11-08,CO,2.99
2024-11-09,CO,2.99
2024-11-10,CO,2.99
2024-11-11,CO,3.042
2024-11-12,CO,3.042
2024-11-13,CO,3.042
2024-11-14,CO,3.042
2024-11-15,CO,3.042
2024-11-16,CO,3.042
2024-11-17,CO,3.042
2024-11-18,CO,2.891
2024-11-19,CO,2.891
2024-11-20,CO,2.891
2024-11-21,CO,2.891
2024-11-22,CO,2.891
2024-11-23,CO,2.891
2024-11-24,CO,2.891
2024-11-25,CO,2.762
2024-11-26,CO,2.762
2024-11-27,CO,2.762
2024-11-28,CO,2.762
2024-11-29,CO,2.762
2024-11-30,CO,2.762
2024-12-01,CO,2.762
2024-12-02,CO,2.78
2024-12-03,CO,2.78
2024-12-04,CO,2.78
2024-12-05,CO,2.78
2024-12-06,CO,2.78
2024-12-07,CO,2.78
2024-12-08,CO,2.78
2024-12-09,CO,2.732
2024-12-10,CO,2.732
2024-12-11,CO,2.732
2024-12-12,CO,2.732
2024-12-13,CO,2.732
2024-12-14,CO,2.732
2024-12-15,CO,2.732
2024-12-16,CO,2.803
2024-12-17,CO,2.803
2024-12-18,CO,2.803
2024-12-19,CO,2.803
2024-12-20,CO,2.803
2024-12-21,CO,2.803
2024-12-22,CO,2.803
2024-12-23,CO,2.884
2024-12-24,CO,2.884
2024-12-25,CO,2.884
2024-12-26,CO,2.884
2024-12-27,CO,2.884
2024-12-28,CO,2.884
2024-12-29,CO,2.884
2024-12-30,CO,2.846
2024-12-31,CO,2.846
2025-01-01,CO,2.846
2025-01-02,CO,2.846
2025-01-03,CO,2.846
2025-01-04,CO,2.846
2025-01-05,CO,2.846
2025-01-06,CO,2.847
2025-01-07,CO,2.847
2025-01-08,CO,2.847
2025-01-09,CO,2.847
2025-01-10,CO,2.847
2025-01-11,CO,2.847
2025-01-12,CO,2.847
2025-01-13,CO,2.783
2025-01-14,CO,2.783
2025-01-15,CO,2.783
2025-01-16,CO,2.783
2025-01-17,CO,2.783
2025-01-18,CO,2.783
2025-01-19,CO,2.783
2025-01-20,CO,2.843
2025-01-21,CO,2.843
2025-01-22,CO,2.843
2025-01-23,CO,2.843
2025-01-24,CO,2.843
2025-01-25,CO,2.843
2025-01-26,CO,2.843
2025-01-27,CO,2.888
2025-01-28,CO,2.888
2025-01-29,CO,2.888
2025-01-30,CO,2.888
2025-01-31,CO,2.888
2025-02-01,CO,2.888
2025-02-02,CO,2.888
2025-02-03,CO,2.892
2025-02-04,CO,2.892
2025-02-05,CO,2.892
2025-02-06,CO,2.892
2025-02-07,CO,2.892
2025-02-08,CO,2.892
2025-02-09,CO,2.892
2025-02-10,CO,2.961
2025-02-11,CO,2.961
2025-02-12,CO,2.961
2025-02-13,CO,2.961
2025-02-14,CO,2.961
2025-02-15,CO,2.961
2025-02-16,CO,2.961
2025-02-17,CO,2.998
2025-02-18,CO,2.998
2025-02-19,CO,2.998
2025-02-20,CO,2.998
2025-02-21,CO,2.998
2025-02-22,CO,2.998
2025-02-23,CO,2.998
2025-02-24,CO,2.962
2025-02-25,CO,2.962
2025-02-26,CO,2.962
2025-02-27,CO,2.962
2025-02-28,CO,2.962
2025-03-01,CO,2.962
2025-03-02,CO,2.962
2025-03-03,CO,2.882
2025-03-04,CO,2.882
2025-03-05,CO,2.882
2025-03-06,CO,2.882
2025-03-07,CO,2.882
2025-03-08,CO,2.882
2025-03-09,CO,2.882
2025-03-10,CO,2.848
2025-03-11,CO,2.848
2025-03-12,CO,2.848
2025-03-13,CO,2.848
2025-03-14,CO,2.848
2025-03-15,CO,2.848
2025-03-16,CO,2.848
2025-03-17,CO,2.845
2025-03-18,CO,2.845
2025-03-19,CO,2.845
2025-03-20,CO,2.845
2025-03-21,CO,2.845
2025-03-22,CO,2.845
2025-03-23,CO,2.845
2025-03-24,CO,2.905
2025-03-25,CO,2.905
2025-03-26,CO,2.905
2025-03-27,CO,2.905
2025-03-28,CO,2.905
2025-03-29,CO,2.905
2025-03-30,CO,2.905
2025-03-31,CO,2.968
2025-04-01,CO,2.968
2025-04-02,CO,2.968
2025-04-03,CO,2.968
2025-04-04,CO,2.968
2025-04-05,CO,2.968
2025-04-06,CO,2.968
2025-04-07,CO,3.072
2025-04-08,CO,3.072
2025-04-09,CO,3.072
2025-04-10,CO,3.072
2025-04-11,CO,3.072
2025-04-12,CO,3.072
2025-04-13,CO,3.072
2025-04-14,CO,2.917
2025-04-15,CO,2.917
2025-04-16,CO,2.917
2025-04-17,CO,2.917
2025-04-18,CO,2.917
2025-04-19,CO,2.917
2025-04-20,CO,2.917
2025-04-21,CO,3.011
2025-04-22,CO,3.011
2025-04-23,CO,3.011
2025-04-24,CO,3.011
2025-04-25,CO,3.011
2025-04-26,CO,3.011
2025-04-27,CO,3.011
2025-04-28,CO,3.046
2025-04-29,CO,3.046
2025-04-30,CO,3.046
2025-05-01,CO,3.046
2025-05-02,CO,3.046
2025-05-03,CO,3.046
2025-05-04,CO,3.046
2025-05-05,CO,2.987
2025-05-06,CO,2.987
2025-05-07,CO,2.987
2025-05-08,CO,2.987
2025-05-09,CO,2.987
2025-05-10,CO,2.987
2025-05-11,CO,2.987
2025-05-12,CO,3.042
2025-05-13,CO,3.042
2025-05-14,CO,3.042
2025-05-15,CO,3.042
2025-05-16,CO,3.042
2025-05-17,CO,3.042
2025-05-18,CO,3.042
2025-05-19,CO,3.042
2025-05-20,CO,3.042
2025-05-21,CO,3.042
2025-05-22,CO,3.042
2025-05-23,CO,3.042
2025-05-24,CO,3.042
2025-05-25,CO,3.042
2025-05-26,CO,3.029
2025-05-27,CO,3.029
2025-05-28,CO,3.029
2025-05-29,CO,3.029
2025-05-30,CO,3.029
2025-05-31,CO,3.029
2025-06-01,CO,3.029
2025-06-02,CO,3.073
2025-06-03,CO,3.073
2025-06-04,CO,3.073
2025-06-05,CO,3.073
2025-06-06,CO,3.073
2025-06-07,CO,3.073
2025-06-08,CO,3.073
2025-06-09,CO,2.941
2025-06-10,CO,2.941
2025-06-11,CO,2.941
2025-06-12,CO,2.941
2025-06-13,CO,2.941
2025-06-14,CO,2.941
2025-06-15,CO,2.941
2025-06-16,CO,2.967
2025-06-17,CO,2.967
2025-06-18,CO,2.967
2025-06-19,CO,2.967
2025-06-20,CO,2.967
2025-06-21,CO,2.967
2025-06-22,CO,2.967
2025-06-23,CO,3.041
2025-06-24,CO,3.041
2025-06-25,CO,3.041
2025-06-26,CO,3.041
2025-06-27,CO,3.041
2025-06-28,CO,3.041
2025-06-29,CO,3.041
2025-06-30,CO,3.075
2025-07-01,CO,3.075
2025-07-02,CO,3.075
2025-07-03,CO,3.075
2025-07-04,CO,3.075
2025-07-05,CO,3.075
2025-07-06,CO,3.075
2025-07-07,CO,2.955
2025-07-08,CO,2.955
2025-07-09,CO,2.955
2025-07-10,CO,2.955
2025-07-11,CO,2.955
2025-07-12,CO,2.955
2025-07-13,CO,2.955
2025-07-14,CO,2.931
2025-07-15,CO,2.931
2025-07-16,CO,2.931
2025-07-17,CO,2.931
2025-07-18,CO,2.931
2025-07-19,CO,2.931
2025-07-20,CO,2.931
2025-07-21,CO,2.966
2025-07-22,CO,2.966
2025-07-23,CO,2.966
2025-07-24,CO,2.966
2025-07-25,CO,2.966
2025-07-26,CO,2.966
2025-07-27,CO,2.966
2025-07-28,CO,2.962
2025-07-29,CO,2.962
2025-07-30,CO,2.962
2025-07-31,CO,2.962
2025-08-01,CO,2.962
2025-08-02,CO,2.962
2025-08-03,CO,2.962
2025-08-04,CO,2.943
2025-08-05,CO,2.943
2025-08-06,CO,2.943
2025-08-07,CO,2.943
2025-08-08,CO,2.943
2025-08-09,CO,2.943
2025-08-10,CO,2.943
2025-08-11,CO,2.965
2025-08-12,CO,2.965
2025-08-13,CO,2.965
2025-08-14,CO,2.965
2025-08-15,CO,2.965
2025-08-16,CO,2.965
2025-08-17,CO,2.965
2025-08-18,CO,3.011
2025-08-19,CO,3.011
2025-08-20,CO,3.011
2025-08-21,CO,3.011
2025-08-22,CO,3.011
2025-08-23,CO,3.011
2025-08-24,CO,3.011
2025-08-25,CO,2.983
2025-08-26,CO,2.983
2025-08-27,CO,2.983
2025-08-28,CO,2.983
2025-08-29,CO,2.983
2025-08-30,CO,2.983
2025-08-31,CO,2.983
2025-09-01,CO,3.061
2025-09-02,CO,3.061
2025-09-03,CO,3.061
2025-09-04,CO,3.061
2025-09-05,CO,3.061
2025-09-06,CO,3.061
2025-09-07,CO,3.061
2025-09-08,CO,3.2
2025-09-09,CO,3.2
2025-09-10,CO,3.2
2025-09-11,CO,3.2
2025-09-12,CO,3.2
2025-09-13,CO,3.2
2025-09-14,CO,3.2
2024-03-14,FL,3.361
2024-03-15,FL,3.361
2024-03-16,FL,3.361
2024-03-17,FL,3.361
2024-03-18,FL,3.401
2024-03-19,FL,3.401
2024-03-20,FL,3.401
2024-03-21,FL,3.401
2024-03-22,FL,3.401
2024-03-23,FL,3.401
2024-03-24,FL,3.401
2024-03-25,FL,3.429
2024-03-26,FL,3.429
2024-03-27,FL,3.429
2024-03-28,FL,3.429
2024-03-29,FL,3.429
2024-03-30,FL,3.429
2024-03-31,FL,3.429
2024-04-01,FL,3.502
2024-04-02,FL,3.502
2024-04-03,FL,3.502
2024-04-04,FL,3.502
2024-04-05,FL,3.502
2024-04-06,FL,3.502
2024-04-07,FL,3.502
2024-04-08,FL,3.4
2024-04-09,FL,3.4
2024-04-10,FL,3.4
2024-04-11,FL,3.4
2024-04-12,FL,3.4
2024-04-13,FL,3.4
2024-04-14,FL,3.4
2024-04-15,FL,3.438
2024-04-16,FL,3.438
2024-04-17,FL,3.438
2024-04-18,FL,3.438
2024-04-19,FL,3.438
2024-04-20,FL,3.438
2024-04-21,FL,3.438
2024-04-22,FL,3.479
2024-04-23,FL,3.479
2024-04-24,FL,3.479
2024-04-25,FL,3.479
2024-04-26,FL,3.479
2024-04-27,FL,3.479
2024-04-28,FL,3.479
2024-04-29,FL,3.509
2024-04-30,FL,3.509
2024-05-01,FL,3.509
2024-05-02,FL,3.509
2024-05-03,FL,3.509
2024-05-04,FL,3.509
2024-05-05,FL,3.509
2024-05-06,FL,3.544
2024-05-07,FL,3.544
2024-05-08,FL,3.544
2024-05-09,FL,3.544
2024-05-10,FL,3.544
2024-05-11,FL,3.544
2024-05-12,FL,3.544
2024-05-13,FL,3.38
2024-05-14,FL,3.38
2024-05-15,FL,3.38
2024-05-16,FL,3.38
2024-05-17,FL,3.38
2024-05-18,FL,3.38
2024-05-19,FL,3.38
2024-05-20,FL,3.391
2024-05-21,FL,3.391
2024-05-22,FL,3.391
2024-05-23,FL,3.391
2024-05-24,FL,3.391
2024-05-25,FL,3.391
2024-05-26,FL,3.391
2024-05-27,FL,3.441
2024-05-28,FL,3.441
2024-05-29,FL,3.441
2024-05-30,FL,3.441
2024-05-31,FL,3.441
2024-06-01,FL,3.441
2024-06-02,FL,3.441
2024-06-03,FL,3.361
2024-06-04,FL,3.361
2024-06-05,FL,3.361
2024-06-06,FL,3.361
2024-06-07,FL,3.361
2024-06-08,FL,3.361
2024-06-09,FL,3.361
2024-06-10,FL,3.229
2024-06-11,FL,3.229
2024-06-12,FL,3.229
2024-06-13,FL,3.229
2024-06-14,FL,3.229
2024-06-15,FL,3.229
2024-06-16,FL,3.229
2024-06-17,FL,3.186
2024-06-18,FL,3.186
2024-06-19,FL,3.186
2024-06-20,FL,3.186
2024-06-21,FL,3.186
2024-06-22,FL,3.186
2024-06-23,FL,3.186
2024-06-24,FL,3.289
2024-06-25,FL,3.289
2024-06-26,FL,3.289
2024-06-27,FL,3.289
2024-06-28,FL,3.289
2024-06-29,FL,3.289
2024-06-30,FL,3.289
2024-07-01,FL,3.312
2024-07-02,FL,3.312
2024-07-03,FL,3.312
2024-07-04,FL,3.312
2024-07-05,FL,3.312
2024-07-06,FL,3.312
2024-07-07,FL,3.312
2024-07-08,FL,3.454
2024-07-09,FL,3.454
2024-07-10,FL,3.454
2024-07-11,FL,3.454
2024-07-12,FL,3.454
2024-07-13,FL,3.454
2024-07-14,FL,3.454
2024-07-15,FL,3.439
2024-07-16,FL,3.439
2024-07-17,FL,3.439
2024-07-18,FL,3.439
2024-07-19,FL,3.439
2024-07-20,FL,3.439
2024-07-21,FL,3.439
2024-07-22,FL,3.295
2024-07-23,FL,3.295
2024-07-24,FL,3.295
2024-07-25,FL,3.295
2024-07-26,FL,3.295
2024-07-27,FL,3.295
2024-07-28,FL,3.295
2024-07-29,FL,3.333
2024-07-30,FL,3.333
2024-07-31,FL,3.333
2024-08-01,FL,3.333
2024-08-02,FL,3.333
2024-08-03,FL,3.333
2024-08-04,FL,3.333
2024-08-05,FL,3.426
2024-08-06,FL,3.426
2024-08-07,FL,3.426
2024-08-08,FL,3.426
2024-08-09,FL,3.426
2024-08-10,FL,3.426
2024-08-11,FL,3.426
2024-08-12,FL,3.251
2024-08-13,FL,3.251
2024-08-14,FL,3.251
2024-08-15,FL,3.251
2024-08-16,FL,3.251
2024-08-17,FL,3.251
2024-08-18,FL,3.251
2024-08-19,FL,3.235
2024-08-20,FL,3.235
2024-08-21,FL,3.235
2024-08-22,FL,3.235
2024-08-23,FL,3.235
2024-08-24,FL,3.235
2024-08-25,FL,3.235
2024-08-26,FL,3.213
2024-08-27,FL,3.213
2024-08-28,FL,3.213
2024-08-29,FL,3.213
2024-08-30,FL,3.213
2024-08-31,FL,3.213
2024-09-01,FL,3.213
2024-09-02,FL,3.221
2024-09-03,FL,3.221
2024-09-04,FL,3.221
2024-09-05,FL,3.221
2024-09-06,FL,3.221
2024-09-07,FL,3.221
2024-09-08,FL,3.221
2024-09-09,FL,3.101
2024-09-10,FL,3.101
2024-09-11,FL,3.101
2024-09-12,FL,3.101
2024-09-13,FL,3.101
2024-09-14,FL,3.101
2024-09-15,FL,3.101
2024-09-16,FL,3.055
2024-09-17,FL,3.055
2024-09-18,FL,3.055
2024-09-19,FL,3.055
2024-09-20,FL,3.055
2024-09-21,FL,3.055
2024-09-22,FL,3.055
2024-09-23,FL,3.06
2024-09-24,FL,3.06
2024-09-25,FL,3.06
2024-09-26,FL,3.06
2024-09-27,FL,3.06
2024-09-28,FL,3.06
2024-09-29,FL,3.06
2024-09-30,FL,3.118
2024-10-01,FL,3.118
2024-10-02,FL,3.118
2024-10-03,FL,3.118
2024-10-04,FL,3.118
2024-10-05,FL,3.118
2024-10-06,FL,3.118
2024-10-07,FL,3.039
2024-10-08,FL,3.039
2024-10-09,FL,3.039
2024-10-10,FL,3.039
2024-10-11,FL,3.039
2024-10-12,FL,3.039
2024-10-13,FL,3.039
2024-10-14,FL,3.04
2024-10-15,FL,3.04
2024-10-16,FL,3.04
2024-10-17,FL,3.04
2024-10-18,FL,3.04
2024-10-19,FL,3.04
2024-10-20,FL,3.04
2024-10-21,FL,3.025
2024-10-22,FL,3.025
2024-10-23,FL,3.025
2024-10-24,FL,3.025
2024-10-25,FL,3.025
2024-10-26,FL,3.025
2024-10-27,FL,3.025
2024-10-28,FL,3.073
2024-10-29,FL,3.073
2024-10-30,FL,3.073
2024-10-31,FL,3.073
2024-11-01,FL,3.073
2024-11-02,FL,3.073
2024-11-03,FL,3.073
2024-11-04,FL,2.933
2024-11-05,FL,2.933
2024-11-06,FL,2.933
2024-11-07,FL,2.933
2024-11-08,FL,2.933
2024-11-09,FL,2.933
2024-11-10,FL,2.933
2024-11-11,FL,3.025
2024-11-12,FL,3.025
2024-11-13,FL,3.025
2024-11-14,FL,3.025
2024-11-15,FL,3.025
2024-11-16,FL,3.025
2024-11-17,FL,3.025
2024-11-18,FL,3.062
2024-11-19,FL,3.062
2024-11-20,FL,3.062
2024-11-21,FL,3.062
2024-11-22,FL,3.062
2024-11-23,FL,3.062
2024-11-24,FL,3.062
2024-11-25,FL,3.074
2024-11-26,FL,3.074
2024-11-27,FL,3.074
2024-11-28,FL,3.074
2024-11-29,FL,3.074
2024-11-30,FL,3.074
2024-12-01,FL,3.074
2024-12-02,FL,3.03
2024-12-03,FL,3.03
2024-12-04,FL,3.03
2024-12-05,FL,3.03
2024-12-06,FL,3.03
2024-12-07,FL,3.03
2024-12-08,FL,3.03
2024-12-09,FL,3.088
2024-12-10,FL,3.088
2024-12-11,FL,3.088
2024-12-12,FL,3.088
2024-12-13,FL,3.088
2024-12-14,FL,3.088
2024-12-15,FL,3.088
2024-12-16,FL,3.092
2024-12-17,FL,3.092
2024-12-18,FL,3.092
2024-12-19,FL,3.092
2024-12-20,FL,3.092
2024-12-21,FL,3.092
2024-12-22,FL,3.092
2024-12-23,FL,2.93
2024-12-24,FL,2.93
2024-12-25,FL,2.93
2024-12-26,FL,2.93
2024-12-27,FL,2.93
2024-12-28,FL,2.93
2024-12-29,FL,2.93
2024-12-30,FL,3.001
2024-12-31,FL,3.001
2025-01-01,FL,3.001
2025-01-02,FL,3.001
2025-01-03,FL,3.001
2025-01-04,FL,3.001
2025-01-05,FL,3.001
2025-01-06,FL,3.025
2025-01-07,FL,3.025
2025-01-08,FL,3.025
2025-01-09,FL,3.025
2025-01-10,FL,3.025
2025-01-11,FL,3.025
2025-01-12,FL,3.025
2025-01-13,FL,3.04
2025-01-14,FL,3.04
2025-01-15,FL,3.04
2025-01-16,FL,3.04
2025-01-17,FL,3.04
2025-01-18,FL,3.04
2025-01-19,FL,3.04
2025-01-20,FL,3.107
2025-01-21,FL,3.107
2025-01-22,FL,3.107
2025-01-23,FL,3.107
2025-01-24,FL,3.107
2025-01-25,FL,3.107
2025-01-26,FL,3.107
2025-01-27,FL,3.144
2025-01-28,FL,3.144
2025-01-29,FL,3.144
2025-01-30,FL,3.144
2025-01-31,FL,3.144
2025-02-01,FL,3.144
2025-02-02,FL,3.144
2025-02-03,FL,2.986
2025-02-04,FL,2.986
2025-02-05,FL,2.986
2025-02-06,FL,2.986
2025-02-07,FL,2.986
2025-02-08,FL,2.986
2025-02-09,FL,2.986
2025-02-10,FL,3.09
2025-02-11,FL,3.09
2025-02-12,FL,3.09
2025-02-13,FL,3.09
2025-02-14,FL,3.09
2025-02-15,FL,3.09
2025-02-16,FL,3.09
2025-02-17,FL,2.981
2025-02-18,FL,2.981
2025-02-19,FL,2.981
2025-02-20,FL,2.981
2025-02-21,FL,2.981
2025-02-22,FL,2.981
2025-02-23,FL,2.981
2025-02-24,FL,3.016
2025-02-25,FL,3.016
2025-02-26,FL,3.016
2025-02-27,FL,3.016
2025-02-28,FL,3.016
2025-03-01,FL,3.016
2025-03-02,FL,3.016
2025-03-03,FL,2.99
2025-03-04,FL,2.99
2025-03-05,FL,2.99
2025-03-06,FL,2.99
2025-03-07,FL,2.99
2025-03-08,FL,2.99
2025-03-09,FL,2.99
2025-03-10,FL,2.994
2025-03-11,FL,2.994
2025-03-12,FL,2.994
2025-03-13,FL,2.994
2025-03-14,FL,2.994
2025-03-15,FL,2.994
2025-03-16,FL,2.994
2025-03-17,FL,3.033
2025-03-18,FL,3.033
2025-03-19,FL,3.033
2025-03-20,FL,3.033
2025-03-21,FL,3.033
2025-03-22,FL,3.033
2025-03-23,FL,3.033
2025-03-24,FL,2.944
2025-03-25,FL,2.944
2025-03-26,FL,2.944
2025-03-27,FL,2.944
2025-03-28,FL,2.944
2025-03-29,FL,2.944
2025-03-30,FL,2.944
2025-03-31,FL,3.027
2025-04-01,FL,3.027
2025-04-02,FL,3.027
2025-04-03,FL,3.027
2025-04-04,FL,3.027
2025-04-05,FL,3.027
2025-04-06,FL,3.027
2025-04-07,FL,3.107
2025-04-08,FL,3.107
2025-04-09,FL,3.107
2025-04-10,FL,3.107
2025-04-11,FL,3.107
2025-04-12,FL,3.107
2025-04-13,FL,3.107
2025-04-14,FL,3.007
2025-04-15,FL,3.007
2025-04-16,FL,3.007
2025-04-17,FL,3.007
2025-04-18,FL,3.007
2025-04-19,FL,3.007
2025-04-20,FL,3.007
2025-04-21,FL,2.927
2025-04-22,FL,2.927
2025-04-23,FL,2.927
2025-04-24,FL,2.927
2025-04-25,FL,2.927
2025-04-26,FL,2.927
2025-04-27,FL,2.927
2025-04-28,FL,2.959
2025-04-29,FL,2.959
2025-04-30,FL,2.959
2025-05-01,FL,2.959
2025-05-02,FL,2.959
2025-05-03,FL,2.959
2025-05-04,FL,2.959
2025-05-05,FL,2.988
2025-05-06,FL,2.988
2025-05-07,FL,2.988
2025-05-08,FL,2.988
2025-05-09,FL,2.988
2025-05-10,FL,2.988
2025-05-11,FL,2.988
2025-05-12,FL,2.852
2025-05-13,FL,2.852
2025-05-14,FL,2.852
2025-05-15,FL,2.852
2025-05-16,FL,2.852
2025-05-17,FL,2.852
2025-05-18,FL,2.852
2025-05-19,FL,2.963
2025-05-20,FL,2.963
2025-05-21,FL,2.963
2025-05-22,FL,2.963
2025-05-23,FL,2.963
2025-05-24,FL,2.963
2025-05-25,FL,2.963
2025-05-26,FL,2.968
2025-05-27,FL,2.968
2025-05-28,FL,2.968
2025-05-29,FL,2.968
2025-05-30,FL,2.968
2025-05-31,FL,2.968
2025-06-01,FL,2.968
2025-06-02,FL,3.01
2025-06-03,FL,3.01
2025-06-04,FL,3.01
2025-06-05,FL,3.01
2025-06-06,FL,3.01
2025-06-07,FL,3.01
2025-06-08,FL,3.01
2025-06-09,FL,2.987
2025-06-10,FL,2.987
2025-06-11,FL,2.987
2025-06-12,FL,2.987
2025-06-13,FL,2.987
2025-06-14,FL,2.987
2025-06-15,FL,2.987
2025-06-16,FL,2.962
2025-06-17,FL,2.962
2025-06-18,FL,2.962
2025-06-19,FL,2.962
2025-06-20,FL,2.962
2025-06-21,FL,2.962
2025-06-22,FL,2.962
2025-06-23,FL,3.039
2025-06-24,FL,3.039
2025-06-25,FL,3.039
2025-06-26,FL,3.039
2025-06-27,FL,3.039
2025-06-28,FL,3.039
2025-06-29,FL,3.039
2025-06-30,FL,2.869
2025-07-01,FL,2.869
2025-07-02,FL,2.869
2025-07-03,FL,2.869
2025-07-04,FL,2.869
2025-07-05,FL,2.869
2025-07-06,FL,2.869
2025-07-07,FL,2.988
2025-07-08,FL,2.988
2025-07-09,FL,2.988
2025-07-10,FL,2.988
2025-07-11,FL,2.988
2025-07-12,FL,2.988
2025-07-13,FL,2.988
2025-07-14,FL,2.881
2025-07-15,FL,2.881
2025-07-16,FL,2.881
2025-07-17,FL,2.881
2025-07-18,FL,2.881
2025-07-19,FL,2.881
2025-07-20,FL,2.881
2025-07-21,FL,2.985
2025-07-22,FL,2.985
2025-07-23,FL,2.985
2025-07-24,FL,2.985
2025-07-25,FL,2.985
2025-07-26,FL,2.985
2025-07-27,FL,2.985
2025-07-28,FL,3.023
2025-07-29,FL,3.023
2025-07-30,FL,3.023
2025-07-31,FL,3.023
2025-08-01,FL,3.023
2025-08-02,FL,3.023
2025-08-03,FL,3.023
2025-08-04,FL,2.95
2025-08-05,FL,2.95
2025-08-06,FL,2.95
2025-08-07,FL,2.95
2025-08-08,FL,2.95
2025-08-09,FL,2.95
2025-08-10,FL,2.95
2025-08-11,FL,2.979
2025-08-12,FL,2.979
2025-08-13,FL,2.979
2025-08-14,FL,2.979
2025-08-15,FL,2.979
2025-08-16,FL,2.979
2025-08-17,FL,2.979
2025-08-18,FL,3.01
2025-08-19,FL,3.01
2025-08-20,FL,3.01
2025-08-21,FL,3.01
2025-08-22,FL,3.01
2025-08-23,FL,3.01
2025-08-24,FL,3.01
2025-08-25,FL,2.88
2025-08-26,FL,2.88
2025-08-27,FL,2.88
2025-08-28,FL,2.88
2025-08-29,FL,2.88
2025-08-30,FL,2.88
2025-08-31,FL,2.88
2025-09-01,FL,2.976
2025-09-02,FL,2.976
2025-09-03,FL,2.976
2025-09-04,FL,2.976
2025-09-05,FL,2.976
2025-09-06,FL,2.976
2025-09-07,FL,2.976
2025-09-08,FL,3.031
2025-09-09,FL,3.031
2025-09-10,FL,3.031
2025-09-11,FL,3.031
2025-09-12,FL,3.031
2025-09-13,FL,3.031
2025-09-14,FL,3.031
2024-03-14,MA,3.168
2024-03-15,MA,3.168
2024-03-16,MA,3.168
2024-03-17,MA,3.168
2024-03-18,MA,3.218
2024-03-19,MA,3.218
2024-03-20,MA,3.218
2024-03-21,MA,3.218
2024-03-22,MA,3.218
2024-03-23,MA,3.218
2024-03-24,MA,3.218
2024-03-25,MA,3.289
2024-03-26,MA,3.289
2024-03-27,MA,3.289
2024-03-28,MA,3.289
2024-03-29,MA,3.289
2024-03-30,MA,3.289
2024-03-31,MA,3.289
2024-04-01,MA,3.281
2024-04-02,MA,3.281
2024-04-03,MA,3.281
2024-04-04,MA,3.281
2024-04-05,MA,3.281
2024-04-06,MA,3.281
2024-04-07,MA,3.281
2024-04-08,MA,3.303
2024-04-09,MA,3.303
2024-04-10,MA,3.303
2024-04-11,MA,3.303
2024-04-12,MA,3.303
2024-04-13,MA,3.303
2024-04-14,MA,3.303
2024-04-15,MA,3.383
2024-04-16,MA,3.383
2024-04-17,MA,3.383
2024-04-18,MA,3.383
2024-04-19,MA,3.383
2024-04-20,MA,3.383
2024-04-21,MA,3.383
2024-04-22,MA,3.565
2024-04-23,MA,3.565
2024-04-24,MA,3.565
2024-04-25,MA,3.565
2024-04-26,MA,3.565
2024-04-27,MA,3.565
2024-04-28,MA,3.565
2024-04-29,MA,3.6
2024-04-30,MA,3.6
2024-05-01,MA,3.6
2024-05-02,MA,3.6
2024-05-03,MA,3.6
2024-05-04,MA,3.6
2024-05-05,MA,3.6
2024-05-06,MA,3.587
2024-05-07,MA,3.587
2024-05-08,MA,3.587
2024-05-09,MA,3.587
2024-05-10,MA,3.587
2024-05-11,MA,3.587
2024-05-12,MA,3.587
2024-05-13,MA,3.557
2024-05-14,MA,3.557
2024-05-15,MA,3.557
2024-05-16,MA,3.557
2024-05-17,MA,3.557
2024-05-18,MA,3.557
2024-05-19,MA,3.557
2024-05-20,MA,3.517
2024-05-21,MA,3.517
2024-05-22,MA,3.517
2024-05-23,MA,3.517
2024-05-24,MA,3.517
2024-05-25,MA,3.517
2024-05-26,MA,3.517
2024-05-27,MA,3.517
2024-05-28,MA,3.517
2024-05-29,MA,3.517
2024-05-30,MA,3.517
2024-05-31,MA,3.517
2024-06-01,MA,3.517
2024-06-02,MA,3.517
2024-06-03,MA,3.5
2024-06-04,MA,3.5
2024-06-05,MA,3.5
2024-06-06,MA,3.5
2024-06-07,MA,3.5
2024-06-08,MA,3.5
2024-06-09,MA,3.5
2024-06-10,MA,3.449
2024-06-11,MA,3.449
2024-06-12,MA,3.449
2024-06-13,MA,3.449
2024-06-14,MA,3.449
2024-06-15,MA,3.449
2024-06-16,MA,3.449
2024-06-17,MA,3.437
2024-06-18,MA,3.437
2024-06-19,MA,3.437
2024-06-20,MA,3.437
2024-06-21,MA,3.437
2024-06-22,MA,3.437
2024-06-23,MA,3.437
2024-06-24,MA,3.404
2024-06-25,MA,3.404
2024-06-26,MA,3.404
2024-06-27,MA,3.404
2024-06-28,MA,3.404
2024-06-29,MA,3.404
2024-06-30,MA,3.404
2024-07-01,MA,3.457
2024-07-02,MA,3.457
2024-07-03,MA,3.457
2024-07-04,MA,3.457
2024-07-05,MA,3.457
2024-07-06,MA,3.457
2024-07-07,MA,3.457
2024-07-08,MA,3.495
2024-07-09,MA,3.495
2024-07-10,MA,3.495
2024-07-11,MA,3.495
2024-07-12,MA,3.495
2024-07-13,MA,3.495
2024-07-14,MA,3.495
2024-07-15,MA,3.492
2024-07-16,MA,3.492
2024-07-17,MA,3.492
2024-07-18,MA,3.492
2024-07-19,MA,3.492
2024-07-20,MA,3.492
2024-07-21,MA,3.492
2024-07-22,MA,3.474
2024-07-23,MA,3.474
2024-07-24,MA,3.474
2024-07-25,MA,3.474
2024-07-26,MA,3.474
2024-07-27,MA,3.474
2024-07-28,MA,3.474
2024-07-29,MA,3.449
2024-07-30,MA,3.449
2024-07-31,MA,3.449
2024-08-01,MA,3.449
2024-08-02,MA,3.449
2024-08-03,MA,3.449
2024-08-04,MA,3.449
2024-08-05,MA,3.428
2024-08-06,MA,3.428
2024-08-07,MA,3.428
2024-08-08,MA,3.428
2024-08-09,MA,3.428
2024-08-10,MA,3.428
2024-08-11,MA,3.428
2024-08-12,MA,3.388
2024-08-13,MA,3.388
2024-08-14,MA,3.388
2024-08-15,MA,3.388
2024-08-16,MA,3.388
2024-08-17,MA,3.388
2024-08-18,MA,3.388
2024-08-19,MA,3.375
2024-08-20,MA,3.375
2024-08-21,MA,3.375
2024-08-22,MA,3.375
2024-08-23,MA,3.375
2024-08-24,MA,3.375
2024-08-25,MA,3.375
2024-08-26,MA,3.317
2024-08-27,MA,3.317
2024-08-28,MA,3.317
2024-08-29,MA,3.317
2024-08-30,MA,3.317
2024-08-31,MA,3.317
2024-09-01,MA,3.317
2024-09-02,MA,3.272
2024-09-03,MA,3.272
2024-09-04,MA,3.272
2024-09-05,MA,3.272
2024-09-06,MA,3.272
2024-09-07,MA,3.272
2024-09-08,MA,3.272
2024-09-09,MA,3.218
2024-09-10,MA,3.218
2024-09-11,MA,3.218
2024-09-12,MA,3.218
2024-09-13,MA,3.218
2024-09-14,MA,3.218
2024-09-15,MA,3.218
2024-09-16,MA,3.13
2024-09-17,MA,3.13
2024-09-18,MA,3.13
2024-09-19,MA,3.13
2024-09-20,MA,3.13
2024-09-21,MA,3.13
2024-09-22,MA,3.13
2024-09-23,MA,3.087
2024-09-24,MA,3.087
2024-09-25,MA,3.087
2024-09-26,MA,3.087
2024-09-27,MA,3.087
2024-09-28,MA,3.087
2024-09-29,MA,3.087
2024-09-30,MA,3.015
2024-10-01,MA,3.015
2024-10-02,MA,3.015
2024-10-03,MA,3.015
2024-10-04,MA,3.015
2024-10-05,MA,3.015
2024-10-06,MA,3.015
2024-10-07,MA,3.011
2024-10-08,MA,3.011
2024-10-09,MA,3.011
2024-10-10,MA,3.011
2024-10-11,MA,3.011
2024-10-12,MA,3.011
2024-10-13,MA,3.011
2024-10-14,MA,3.045
2024-10-15,MA,3.045
2024-10-16,MA,3.045
2024-10-17,MA,3.045
2024-10-18,MA,3.045
2024-10-19,MA,3.045
2024-10-20,MA,3.045
2024-10-21,MA,3.026
2024-10-22,MA,3.026
2024-10-23,MA,3.026
2024-10-24,MA,3.026
2024-10-25,MA,3.026
2024-10-26,MA,3.026
2024-10-27,MA,3.026
2024-10-28,MA,3.026
2024-10-29,MA,3.026
2024-10-30,MA,3.026
2024-10-31,MA,3.026
2024-11-01,MA,3.026
2024-11-02,MA,3.026
2024-11-03,MA,3.026
2024-11-04,MA,2.975
2024-11-05,MA,2.975
2024-11-06,MA,2.975
2024-11-07,MA,2.975
2024-11-08,MA,2.975
2024-11-09,MA,2.975
2024-11-10,MA,2.975
2024-11-11,MA,2.966
2024-11-12,MA,2.966
2024-11-13,MA,2.966
2024-11-14,MA,2.966
2024-11-15,MA,2.966
2024-11-16,MA,2.966
2024-11-17,MA,2.966
2024-11-18,MA,2.954
2024-11-19,MA,2.954
2024-11-20,MA,2.954
2024-11-21,MA,2.954
2024-11-22,MA,2.954
2024-11-23,MA,2.954
2024-11-24,MA,2.954
2024-11-25,MA,2.962
2024-11-26,MA,2.962
2024-11-27,MA,2.962
2024-11-28,MA,2.962
2024-11-29,MA,2.962
2024-11-30,MA,2.962
2024-12-01,MA,2.962
2024-12-02,MA,3.001
2024-12-03,MA,3.001
2024-12-04,MA,3.001
2024-12-05,MA,3.001
2024-12-06,MA,3.001
2024-12-07,MA,3.001
2024-12-08,MA,3.001
2024-12-09,MA,2.983
2024-12-10,MA,2.983
2024-12-11,MA,2.983
2024-12-12,MA,2.983
2024-12-13,MA,2.983
2024-12-14,MA,2.983
2024-12-15,MA,2.983
2024-12-16,MA,2.972
2024-12-17,MA,2.972
2024-12-18,MA,2.972
2024-12-19,MA,2.972
2024-12-20,MA,2.972
2024-12-21,MA,2.972
2024-12-22,MA,2.972
2024-12-23,MA,2.973
2024-12-24,MA,2.973
2024-12-25,MA,2.973
2024-12-26,MA,2.973
2024-12-27,MA,2.973
2024-12-28,MA,2.973
2024-12-29,MA,2.973
2024-12-30,MA,2.975
2024-12-31,MA,2.975
2025-01-01,MA,2.975
2025-01-02,MA,2.975
2025-01-03,MA,2.975
2025-01-04,MA,2.975
2025-01-05,MA,2.975
2025-01-06,MA,2.952
2025-01-07,MA,2.952
2025-01-08,MA,2.952
2025-01-09,MA,2.952
2025-01-10,MA,2.952
2025-01-11,MA,2.952
2025-01-12,MA,2.952
2025-01-13,MA,2.948
2025-01-14,MA,2.948
2025-01-15,MA,2.948
2025-01-16,MA,2.948
2025-01-17,MA,2.948
2025-01-18,MA,2.948
2025-01-19,MA,2.948
2025-01-20,MA,3.015
2025-01-21,MA,3.015
2025-01-22,MA,3.015
2025-01-23,MA,3.015
2025-01-24,MA,3.015
2025-01-25,MA,3.015
2025-01-26,MA,3.015
2025-01-27,MA,3.011
2025-01-28,MA,3.011
2025-01-29,MA,3.011
2025-01-30,MA,3.011
2025-01-31,MA,3.011
2025-02-01,MA,3.011
2025-02-02,MA,3.011
2025-02-03,MA,2.977
2025-02-04,MA,2.977
2025-02-05,MA,2.977
2025-02-06,MA,2.977
2025-02-07,MA,2.977
2025-02-08,MA,2.977
2025-02-09,MA,2.977
2025-02-10,MA,2.978
2025-02-11,MA,2.978
2025-02-12,MA,2.978
2025-02-13,MA,2.978
2025-02-14,MA,2.978
2025-02-15,MA,2.978
2025-02-16,MA,2.978
2025-02-17,MA,2.986
2025-02-18,MA,2.986
2025-02-19,MA,2.986
2025-02-20,MA,2.986
2025-02-21,MA,2.986
2025-02-22,MA,2.986
2025-02-23,MA,2.986
2025-02-24,MA,2.99
2025-02-25,MA,2.99
2025-02-26,MA,2.99
2025-02-27,MA,2.99
2025-02-28,MA,2.99
2025-03-01,MA,2.99
2025-03-02,MA,2.99
2025-03-03,MA,2.953
2025-03-04,MA,2.953
2025-03-05,MA,2.953
2025-03-06,MA,2.953
2025-03-07,MA,2.953
2025-03-08,MA,2.953
2025-03-09,MA,2.953
2025-03-10,MA,2.933
2025-03-11,MA,2.933
2025-03-12,MA,2.933
2025-03-13,MA,2.933
2025-03-14,MA,2.933
2025-03-15,MA,2.933
2025-03-16,MA,2.933
2025-03-17,MA,2.894
2025-03-18,MA,2.894
2025-03-19,MA,2.894
2025-03-20,MA,2.894
2025-03-21,MA,2.894
2025-03-22,MA,2.894
2025-03-23,MA,2.894
2025-03-24,MA,2.911
2025-03-25,MA,2.911
2025-03-26,MA,2.911
2025-03-27,MA,2.911
2025-03-28,MA,2.911
2025-03-29,MA,2.911
2025-03-30,MA,2.911
2025-03-31,MA,2.913
2025-04-01,MA,2.913
2025-04-02,MA,2.913
2025-04-03,MA,2.913
2025-04-04,MA,2.913
2025-04-05,MA,2.913
2025-04-06,MA,2.913
2025-04-07,MA,2.925
2025-04-08,MA,2.925
2025-04-09,MA,2.925
2025-04-10,MA,2.925
2025-04-11,MA,2.925
2025-04-12,MA,2.925
2025-04-13,MA,2.925
2025-04-14,MA,2.881
2025-04-15,MA,2.881
2025-04-16,MA,2.881
2025-04-17,MA,2.881
2025-04-18,MA,2.881
2025-04-19,MA,2.881
2025-04-20,MA,2.881
2025-04-21,MA,2.902
2025-04-22,MA,2.902
2025-04-23,MA,2.902
2025-04-24,MA,2.902
2025-04-25,MA,2.902
2025-04-26,MA,2.902
2025-04-27,MA,2.902
2025-04-28,MA,2.917
2025-04-29,MA,2.917
2025-04-30,MA,2.917
2025-05-01,MA,2.917
2025-05-02,MA,2.917
2025-05-03,MA,2.917
2025-05-04,MA,2.917
2025-05-05,MA,2.924
2025-05-06,MA,2.924
2025-05-07,MA,2.924
2025-05-08,MA,2.924
2025-05-09,MA,2.924
2025-05-10,MA,2.924
2025-05-11,MA,2.924
2025-05-12,MA,2.915
2025-05-13,MA,2.915
2025-05-14,MA,2.915
2025-05-15,MA,2.915
2025-05-16,MA,2.915
2025-05-17,MA,2.915
2025-05-18,MA,2.915
2025-05-19,MA,2.97
2025-05-20,MA,2.97
2025-05-21,MA,2.97
2025-05-22,MA,2.97
2025-05-23,MA,2.97
2025-05-24,MA,2.97
2025-05-25,MA,2.97
2025-05-26,MA,2.968
2025-05-27,MA,2.968
2025-05-28,MA,2.968
2025-05-29,MA,2.968
2025-05-30,MA,2.968
2025-05-31,MA,2.968
2025-06-01,MA,2.968
2025-06-02,MA,2.952
2025-06-03,MA,2.952
2025-06-04,MA,2.952
2025-06-05,MA,2.952
2025-06-06,MA,2.952
2025-06-07,MA,2.952
2025-06-08,MA,2.952
2025-06-09,MA,2.937
2025-06-10,MA,2.937
2025-06-11,MA,2.937
2025-06-12,MA,2.937
2025-06-13,MA,2.937
2025-06-14,MA,2.937
2025-06-15,MA,2.937
2025-06-16,MA,2.942
2025-06-17,MA,2.942
2025-06-18,MA,2.942
2025-06-19,MA,2.942
2025-06-20,MA,2.942
2025-06-21,MA,2.942
2025-06-22,MA,2.942
2025-06-23,MA,3.067
2025-06-24,MA,3.067
2025-06-25,MA,3.067
2025-06-26,MA,3.067
2025-06-27,MA,3.067
2025-06-28,MA,3.067
2025-06-29,MA,3.067
2025-06-30,MA,3.022
2025-07-01,MA,3.022
2025-07-02,MA,3.022
2025-07-03,MA,3.022
2025-07-04,MA,3.022
2025-07-05,MA,3.022
2025-07-06,MA,3.022
2025-07-07,MA,3.007
2025-07-08,MA,3.007
2025-07-09,MA,3.007
2025-07-10,MA,3.007
2025-07-11,MA,3.007
2025-07-12,MA,3.007
2025-07-13,MA,3.007
2025-07-14,MA,2.998
2025-07-15,MA,2.998
2025-07-16,MA,2.998
2025-07-17,MA,2.998
2025-07-18,MA,2.998
2025-07-19,MA,2.998
2025-07-20,MA,2.998
2025-07-21,MA,3.008
2025-07-22,MA,3.008
2025-07-23,MA,3.008
2025-07-24,MA,3.008
2025-07-25,MA,3.008
2025-07-26,MA,3.008
2025-07-27,MA,3.008
2025-07-28,MA,3.003
2025-07-29,MA,3.003
2025-07-30,MA,3.003
2025-07-31,MA,3.003
2025-08-01,MA,3.003
2025-08-02,MA,3.003
2025-08-03,MA,3.003
2025-08-04,MA,3.052
2025-08-05,MA,3.052
2025-08-06,MA,3.052
2025-08-07,MA,3.052
2025-08-08,MA,3.052
2025-08-09,MA,3.052
2025-08-10,MA,3.052
2025-08-11,MA,3.044
2025-08-12,MA,3.044
2025-08-13,MA,3.044
2025-08-14,MA,3.044
2025-08-15,MA,3.044
2025-08-16,MA,3.044
2025-08-17,MA,3.044
2025-08-18,MA,3.03
2025-08-19,MA,3.03
2025-08-20,MA,3.03
2025-08-21,MA,3.03
2025-08-22,MA,3.03
2025-08-23,MA,3.03
2025-08-24,MA,3.03
2025-08-25,MA,3.044
2025-08-26,MA,3.044
2025-08-27,MA,3.044
2025-08-28,MA,3.044
2025-08-29,MA,3.044
2025-08-30,MA,3.044
2025-08-31,MA,3.044
2025-09-01,MA,3.05
2025-09-02,MA,3.05
2025-09-03,MA,3.05
2025-09-04,MA,3.05
2025-09-05,MA,3.05
2025-09-06,MA,3.05
2025-09-07,MA,3.05
2025-09-08,MA,3.108
2025-09-09,MA,3.108
2025-09-10,MA,3.108
2025-09-11,MA,3.108
2025-09-12,MA,3.108
2025-09-13,MA,3.108
2025-09-14,MA,3.108
2024-03-14,MN,3.172
2024-03-15,MN,3.172
2024-03-16,MN,3.172
2024-03-17,MN,3.172
2024-03-18,MN,3.182
2024-03-19,MN,3.182
2024-03-20,MN,3.182
2024-03-21,MN,3.182
2024-03-22,MN,3.182
2024-03-23,MN,3.182
2024-03-24,MN,3.182
2024-03-25,MN,3.332
2024-03-26,MN,3.332
2024-03-27,MN,3.332
2024-03-28,MN,3.332
2024-03-29,MN,3.332
2024-03-30,MN,3.332
2024-03-31,MN,3.332
2024-04-01,MN,3.332
2024-04-02,MN,3.332
2024-04-03,MN,3.332
2024-04-04,MN,3.332
2024-04-05,MN,3.332
2024-04-06,MN,3.332
2024-04-07,MN,3.332
2024-04-08,MN,3.321
2024-04-09,MN,3.321
2024-04-10,MN,3.321
2024-04-11,MN,3.321
2024-04-12,MN,3.321
2024-04-13,MN,3.321
2024-04-14,MN,3.321
2024-04-15,MN,3.297
2024-04-16,MN,3.297
2024-04-17,MN,3.297
2024-04-18,MN,3.297
2024-04-19,MN,3.297
2024-04-20,MN,3.297
2024-04-21,MN,3.297
2024-04-22,MN,3.298
2024-04-23,MN,3.298
2024-04-24,MN,3.298
2024-04-25,MN,3.298
2024-04-26,MN,3.298
2024-04-27,MN,3.298
2024-04-28,MN,3.298
2024-04-29,MN,3.286
2024-04-30,MN,3.286
2024-05-01,MN,3.286
2024-05-02,MN,3.286
2024-05-03,MN,3.286
2024-05-04,MN,3.286
2024-05-05,MN,3.286
2024-05-06,MN,3.25
2024-05-07,MN,3.25
2024-05-08,MN,3.25
2024-05-09,MN,3.25
2024-05-10,MN,3.25
2024-05-11,MN,3.25
2024-05-12,MN,3.25
2024-05-13,MN,3.246
2024-05-14,MN,3.246
2024-05-15,MN,3.246
2024-05-16,MN,3.246
2024-05-17,MN,3.246
2024-05-18,MN,3.246
2024-05-19,MN,3.246
2024-05-20,MN,3.247
2024-05-21,MN,3.247
2024-05-22,MN,3.247
2024-05-23,MN,3.247
2024-05-24,MN,3.247
2024-05-25,MN,3.247
2024-05-26,MN,3.247
2024-05-27,MN,3.349
2024-05-28,MN,3.349
2024-05-29,MN,3.349
2024-05-30,MN,3.349
2024-05-31,MN,3.349
2024-06-01,MN,3.349
2024-06-02,MN,3.349
2024-06-03,MN,3.241
2024-06-04,MN,3.241
2024-06-05,MN,3.241
2024-06-06,MN,3.241
2024-06-07,MN,3.241
2024-06-08,MN,3.241
2024-06-09,MN,3.241
2024-06-10,MN,3.217
2024-06-11,MN,3.217
2024-06-12,MN,3.217
2024-06-13,MN,3.217
2024-06-14,MN,3.217
2024-06-15,MN,3.217
2024-06-16,MN,3.217
2024-06-17,MN,3.214
2024-06-18,MN,3.214
2024-06-19,MN,3.214
2024-06-20,MN,3.214
2024-06-21,MN,3.214
2024-06-22,MN,3.214
2024-06-23,MN,3.214
2024-06-24,MN,3.213
2024-06-25,MN,3.213
2024-06-26,MN,3.213
2024-06-27,MN,3.213
2024-06-28,MN,3.213
2024-06-29,MN,3.213
2024-06-30,MN,3.213
2024-07-01,MN,3.28
2024-07-02,MN,3.28
2024-07-03,MN,3.28
2024-07-04,MN,3.28
2024-07-05,MN,3.28
2024-07-06,MN,3.28
2024-07-07,MN,3.28
2024-07-08,MN,3.305
2024-07-09,MN,3.305
2024-07-10,MN,3.305
2024-07-11,MN,3.305
2024-07-12,MN,3.305
2024-07-13,MN,3.305
2024-07-14,MN,3.305
2024-07-15,MN,3.288
2024-07-16,MN,3.288
2024-07-17,MN,3.288
2024-07-18,MN,3.288
2024-07-19,MN,3.288
2024-07-20,MN,3.288
2024-07-21,MN,3.288
2024-07-22,MN,3.307
2024-07-23,MN,3.307
2024-07-24,MN,3.307
2024-07-25,MN,3.307
2024-07-26,MN,3.307
2024-07-27,MN,3.307
2024-07-28,MN,3.307
2024-07-29,MN,3.308
2024-07-30,MN,3.308
2024-07-31,MN,3.308
2024-08-01,MN,3.308
2024-08-02,MN,3.308
2024-08-03,MN,3.308
2024-08-04,MN,3.308
2024-08-05,MN,3.31
2024-08-06,MN,3.31
2024-08-07,MN,3.31
2024-08-08,MN,3.31
2024-08-09,MN,3.31
2024-08-10,MN,3.31
2024-08-11,MN,3.31
2024-08-12,MN,3.355
2024-08-13,MN,3.355
2024-08-14,MN,3.355
2024-08-15,MN,3.355
2024-08-16,MN,3.355
2024-08-17,MN,3.355
2024-08-18,MN,3.355
2024-08-19,MN,3.291
2024-08-20,MN,3.291
2024-08-21,MN,3.291
2024-08-22,MN,3.291
2024-08-23,MN,3.291
2024-08-24,MN,3.291
2024-08-25,MN,3.291
2024-08-26,MN,3.183
2024-08-27,MN,3.183
2024-08-28,MN,3.183
2024-08-29,MN,3.183
2024-08-30,MN,3.183
2024-08-31,MN,3.183
2024-09-01,MN,3.183
2024-09-02,MN,3.156
2024-09-03,MN,3.156
2024-09-04,MN,3.156
2024-09-05,MN,3.156
2024-09-06,MN,3.156
2024-09-07,MN,3.156
2024-09-08,MN,3.156
2024-09-09,MN,3.093
2024-09-10,MN,3.093
2024-09-11,MN,3.093
2024-09-12,MN,3.093
2024-09-13,MN,3.093
2024-09-14,MN,3.093
2024-09-15,MN,3.093
2024-09-16,MN,3.046
2024-09-17,MN,3.046
2024-09-18,MN,3.046
2024-09-19,MN,3.046
2024-09-20,MN,3.046
2024-09-21,MN,3.046
2024-09-22,MN,3.046
2024-09-23,MN,3.068
2024-09-24,MN,3.068
2024-09-25,MN,3.068
2024-09-26,MN,3.068
2024-09-27,MN,3.068
2024-09-28,MN,3.068
2024-09-29,MN,3.068
2024-09-30,MN,3.06
2024-10-01,MN,3.06
2024-10-02,MN,3.06
2024-10-03,MN,3.06
2024-10-04,MN,3.06
2024-10-05,MN,3.06
2024-10-06,MN,3.06
2024-10-07,MN,3.031
2024-10-08,MN,3.031
2024-10-09,MN,3.031
2024-10-10,MN,3.031
2024-10-11,MN,3.031
2024-10-12,MN,3.031
2024-10-13,MN,3.031
2024-10-14,MN,3.11
2024-10-15,MN,3.11
2024-10-16,MN,3.11
2024-10-17,MN,3.11
2024-10-18,MN,3.11
2024-10-19,MN,3.11
2024-10-20,MN,3.11
2024-10-21,MN,3.078
2024-10-22,MN,3.078
2024-10-23,MN,3.078
2024-10-24,MN,3.078
2024-10-25,MN,3.078
2024-10-26,MN,3.078
2024-10-27,MN,3.078
2024-10-28,MN,3.037
2024-10-29,MN,3.037
2024-10-30,MN,3.037
2024-10-31,MN,3.037
2024-11-01,MN,3.037
2024-11-02,MN,3.037
2024-11-03,MN,3.037
2024-11-04,MN,3.008
2024-11-05,MN,3.008
2024-11-06,MN,3.008
2024-11-07,MN,3.008
2024-11-08,MN,3.008
2024-11-09,MN,3.008
2024-11-10,MN,3.008
2024-11-11,MN,2.98
2024-11-12,MN,2.98
2024-11-13,MN,2.98
2024-11-14,MN,2.98
2024-11-15,MN,2.98
2024-11-16,MN,2.98
2024-11-17,MN,2.98
2024-11-18,MN,2.937
2024-11-19,MN,2.937
2024-11-20,MN,2.937
2024-11-21,MN,2.937
2024-11-22,MN,2.937
2024-11-23,MN,2.937
2024-11-24,MN,2.937
2024-11-25,MN,2.893
2024-11-26,MN,2.893
2024-11-27,MN,2.893
2024-11-28,MN,2.893
2024-11-29,MN,2.893
2024-11-30,MN,2.893
2024-12-01,MN,2.893
2024-12-02,MN,2.856
2024-12-03,MN,2.856
2024-12-04,MN,2.856
2024-12-05,MN,2.856
2024-12-06,MN,2.856
2024-12-07,MN,2.856
2024-12-08,MN,2.856
2024-12-09,MN,2.852
2024-12-10,MN,2.852
2024-12-11,MN,2.852
2024-12-12,MN,2.852
2024-12-13,MN,2.852
2024-12-14,MN,2.852
2024-12-15,MN,2.852
2024-12-16,MN,2.859
2024-12-17,MN,2.859
2024-12-18,MN,2.859
2024-12-19,MN,2.859
2024-12-20,MN,2.859
2024-12-21,MN,2.859
2024-12-22,MN,2.859
2024-12-23,MN,2.91
2024-12-24,MN,2.91
2024-12-25,MN,2.91
2024-12-26,MN,2.91
2024-12-27,MN,2.91
2024-12-28,MN,2.91
2024-12-29,MN,2.91
2024-12-30,MN,2.866
2024-12-31,MN,2.866
2025-01-01,MN,2.866
2025-01-02,MN,2.866
2025-01-03,MN,2.866
2025-01-04,MN,2.866
2025-01-05,MN,2.866
2025-01-06,MN,2.944
2025-01-07,MN,2.944
2025-01-08,MN,2.944
2025-01-09,MN,2.944
2025-01-10,MN,2.944
2025-01-11,MN,2.944
2025-01-12,MN,2.944
2025-01-13,MN,2.942
2025-01-14,MN,2.942
2025-01-15,MN,2.942
2025-01-16,MN,2.942
2025-01-17,MN,2.942
2025-01-18,MN,2.942
2025-01-19,MN,2.942
2025-01-20,MN,2.977
2025-01-21,MN,2.977
2025-01-22,MN,2.977
2025-01-23,MN,2.977
2025-01-24,MN,2.977
2025-01-25,MN,2.977
2025-01-26,MN,2.977
2025-01-27,MN,2.976
2025-01-28,MN,2.976
2025-01-29,MN,2.976
2025-01-30,MN,2.976
2025-01-31,MN,2.976
2025-02-01,MN,2.976
2025-02-02,MN,2.976
2025-02-03,MN,2.921
2025-02-04,MN,2.921
2025-02-05,MN,2.921
2025-02-06,MN,2.921
2025-02-07,MN,2.921
2025-02-08,MN,2.921
2025-02-09,MN,2.921
2025-02-10,MN,3.015
2025-02-11,MN,3.015
2025-02-12,MN,3.015
2025-02-13,MN,3.015
2025-02-14,MN,3.015
2025-02-15,MN,3.015
2025-02-16,MN,3.015
2025-02-17,MN,3.079
2025-02-18,MN,3.079
2025-02-19,MN,3.079
2025-02-20,MN,3.079
2025-02-21,MN,3.079
2025-02-22,MN,3.079
2025-02-23,MN,3.079
2025-02-24,MN,2.993
2025-02-25,MN,2.993
2025-02-26,MN,2.993
2025-02-27,MN,2.993
2025-02-28,MN,2.993
2025-03-01,MN,2.993
2025-03-02,MN,2.993
2025-03-03,MN,2.952
2025-03-04,MN,2.952
2025-03-05,MN,2.952
2025-03-06,MN,2.952
2025-03-07,MN,2.952
2025-03-08,MN,2.952
2025-03-09,MN,2.952
2025-03-10,MN,3.004
2025-03-11,MN,3.004
2025-03-12,MN,3.004
2025-03-13,MN,3.004
2025-03-14,MN,3.004
2025-03-15,MN,3.004
2025-03-16,MN,3.004
2025-03-17,MN,2.956
2025-03-18,MN,2.956
2025-03-19,MN,2.956
2025-03-20,MN,2.956
2025-03-21,MN,2.956
2025-03-22,MN,2.956
2025-03-23,MN,2.956
2025-03-24,MN,3.02
2025-03-25,MN,3.02
2025-03-26,MN,3.02
2025-03-27,MN,3.02
2025-03-28,MN,3.02
2025-03-29,MN,3.02
2025-03-30,MN,3.02
2025-03-31,MN,3.077
2025-04-01,MN,3.077
2025-04-02,MN,3.077
2025-04-03,MN,3.077
2025-04-04,MN,3.077
2025-04-05,MN,3.077
2025-04-06,MN,3.077
2025-04-07,MN,3.14
2025-04-08,MN,3.14
2025-04-09,MN,3.14
2025-04-10,MN,3.14
2025-04-11,MN,3.14
2025-04-12,MN,3.14
2025-04-13,MN,3.14
2025-04-14,MN,3.14
2025-04-15,MN,3.14
2025-04-16,MN,3.14
2025-04-17,MN,3.14
2025-04-18,MN,3.14
2025-04-19,MN,3.14
2025-04-20,MN,3.14
2025-04-21,MN,3.045
2025-04-22,MN,3.045
2025-04-23,MN,3.045
2025-04-24,MN,3.045
2025-04-25,MN,3.045
2025-04-26,MN,3.045
2025-04-27,MN,3.045
2025-04-28,MN,3.018
2025-04-29,MN,3.018
2025-04-30,MN,3.018
2025-05-01,MN,3.018
2025-05-02,MN,3.018
2025-05-03,MN,3.018
2025-05-04,MN,3.018
2025-05-05,MN,2.995
2025-05-06,MN,2.995
2025-05-07,MN,2.995
2025-05-08,MN,2.995
2025-05-09,MN,2.995
2025-05-10,MN,2.995
2025-05-11,MN,2.995
2025-05-12,MN,2.959
2025-05-13,MN,2.959
2025-05-14,MN,2.959
2025-05-15,MN,2.959
2025-05-16,MN,2.959
2025-05-17,MN,2.959
2025-05-18,MN,2.959
2025-05-19,MN,3.001
2025-05-20,MN,3.001
2025-05-21,MN,3.001
2025-05-22,MN,3.001
2025-05-23,MN,3.001
2025-05-24,MN,3.001
2025-05-25,MN,3.001
2025-05-26,MN,3.016
2025-05-27,MN,3.016
2025-05-28,MN,3.016
2025-05-29,MN,3.016
2025-05-30,MN,3.016
2025-05-31,MN,3.016
2025-06-01,MN,3.016
2025-06-02,MN,2.982
2025-06-03,MN,2.982
2025-06-04,MN,2.982
2025-06-05,MN,2.982
2025-06-06,MN,2.982
2025-06-07,MN,2.982
2025-06-08,MN,2.982
2025-06-09,MN,2.953
2025-06-10,MN,2.953
2025-06-11,MN,2.953
2025-06-12,MN,2.953
2025-06-13,MN,2.953
2025-06-14,MN,2.953
2025-06-15,MN,2.953
2025-06-16,MN,2.956
2025-06-17,MN,2.956
2025-06-18,MN,2.956
2025-06-19,MN,2.956
2025-06-20,MN,2.956
2025-06-21,MN,2.956
2025-06-22,MN,2.956
2025-06-23,MN,3.057
2025-06-24,MN,3.057
2025-06-25,MN,3.057
2025-06-26,MN,3.057
2025-06-27,MN,3.057
2025-06-28,MN,3.057
2025-06-29,MN,3.057
2025-06-30,MN,3.043
2025-07-01,MN,3.043
2025-07-02,MN,3.043
2025-07-03,MN,3.043
2025-07-04,MN,3.043
2025-07-05,MN,3.043
2025-07-06,MN,3.043
2025-07-07,MN,2.977
2025-07-08,MN,2.977
2025-07-09,MN,2.977
2025-07-10,MN,2.977
2025-07-11,MN,2.977
2025-07-12,MN,2.977
2025-07-13,MN,2.977
2025-07-14,MN,2.983
2025-07-15,MN,2.983
2025-07-16,MN,2.983
2025-07-17,MN,2.983
2025-07-18,MN,2.983
2025-07-19,MN,2.983
2025-07-20,MN,2.983
2025-07-21,MN,2.969
2025-07-22,MN,2.969
2025-07-23,MN,2.969
2025-07-24,MN,2.969
2025-07-25,MN,2.969
2025-07-26,MN,2.969
2025-07-27,MN,2.969
2025-07-28,MN,2.926
2025-07-29,MN,2.926
2025-07-30,MN,2.926
2025-07-31,MN,2.926
2025-08-01,MN,2.926
2025-08-02,MN,2.926
2025-08-03,MN,2.926
2025-08-04,MN,2.958
2025-08-05,MN,2.958
2025-08-06,MN,2.958
2025-08-07,MN,2.958
2025-08-08,MN,2.958
2025-08-09,MN,2.958
2025-08-10,MN,2.958
2025-08-11,MN,2.918
2025-08-12,MN,2.918
2025-08-13,MN,2.918
2025-08-14,MN,2.918
2025-08-15,MN,2.918
2025-08-16,MN,2.918
2025-08-17,MN,2.918
2025-08-18,MN,2.906
2025-08-19,MN,2.906
2025-08-20,MN,2.906
2025-08-21,MN,2.906
2025-08-22,MN,2.906
2025-08-23,MN,2.906
2025-08-24,MN,2.906
2025-08-25,MN,2.949
2025-08-26,MN,2.949
2025-08-27,MN,2.949
2025-08-28,MN,2.949
2025-08-29,MN,2.949
2025-08-30,MN,2.949
2025-08-31,MN,2.949
2025-09-01,MN,3.028
2025-09-02,MN,3.028
2025-09-03,MN,3.028
2025-09-04,MN,3.028
2025-09-05,MN,3.028
2025-09-06,MN,3.028
2025-09-07,MN,3.028
2025-09-08,MN,3.113
2025-09-09,MN,3.113
2025-09-10,MN,3.113
2025-09-11,MN,3.113
2025-09-12,MN,3.113
2025-09-13,MN,3.113
2025-09-14,MN,3.113
2024-03-14,NY,3.265
2024-03-15,NY,3.265
2024-03-16,NY,3.265
2024-03-17,NY,3.265
2024-03-18,NY,3.279
2024-03-19,NY,3.279
2024-03-20,NY,3.279
2024-03-21,NY,3.279
2024-03-22,NY,3.279
2024-03-23,NY,3.279
2024-03-24,NY,3.279
2024-03-25,NY,3.353
2024-03-26,NY,3.353
2024-03-27,NY,3.353
2024-03-28,NY,3.353
2024-03-29,NY,3.353
2024-03-30,NY,3.353
2024-03-31,NY,3.353
2024-04-01,NY,3.361
2024-04-02,NY,3.361
2024-04-03,NY,3.361
2024-04-04,NY,3.361
2024-04-05,NY,3.361
2024-04-06,NY,3.361
2024-04-07,NY,3.361
2024-04-08,NY,3.384
2024-04-09,NY,3.384
2024-04-10,NY,3.384
2024-04-11,NY,3.384
2024-04-12,NY,3.384
2024-04-13,NY,3.384
2024-04-14,NY,3.384
2024-04-15,NY,3.453
2024-04-16,NY,3.453
2024-04-17,NY,3.453
2024-04-18,NY,3.453
2024-04-19,NY,3.453
2024-04-20,NY,3.453
2024-04-21,NY,3.453
2024-04-22,NY,3.636
2024-04-23,NY,3.636
2024-04-24,NY,3.636
2024-04-25,NY,3.636
2024-04-26,NY,3.636
2024-04-27,NY,3.636
2024-04-28,NY,3.636
2024-04-29,NY,3.629
2024-04-30,NY,3.629
2024-05-01,NY,3.629
2024-05-02,NY,3.629
2024-05-03,NY,3.629
2024-05-04,NY,3.629
2024-05-05,NY,3.629
2024-05-06,NY,3.637
2024-05-07,NY,3.637
2024-05-08,NY,3.637
2024-05-09,NY,3.637
2024-05-10,NY,3.637
2024-05-11,NY,3.637
2024-05-12,NY,3.637
2024-05-13,NY,3.616
2024-05-14,NY,3.616
2024-05-15,NY,3.616
2024-05-16,NY,3.616
2024-05-17,NY,3.616
2024-05-18,NY,3.616
2024-05-19,NY,3.616
2024-05-20,NY,3.59
2024-05-21,NY,3.59
2024-05-22,NY,3.59
2024-05-23,NY,3.59
2024-05-24,NY,3.59
2024-05-25,NY,3.59
2024-05-26,NY,3.59
2024-05-27,NY,3.572
2024-05-28,NY,3.572
2024-05-29,NY,3.572
2024-05-30,NY,3.572
2024-05-31,NY,3.572
2024-06-01,NY,3.572
2024-06-02,NY,3.572
2024-06-03,NY,3.54
2024-06-04,NY,3.54
2024-06-05,NY,3.54
2024-06-06,NY,3.54
2024-06-07,NY,3.54
2024-06-08,NY,3.54
2024-06-09,NY,3.54
2024-06-10,NY,3.494
2024-06-11,NY,3.494
2024-06-12,NY,3.494
2024-06-13,NY,3.494
2024-06-14,NY,3.494
2024-06-15,NY,3.494
2024-06-16,NY,3.494
2024-06-17,NY,3.469
2024-06-18,NY,3.469
2024-06-19,NY,3.469
2024-06-20,NY,3.469
2024-06-21,NY,3.469
2024-06-22,NY,3.469
2024-06-23,NY,3.469
2024-06-24,NY,3.457
2024-06-25,NY,3.457
2024-06-26,NY,3.457
2024-06-27,NY,3.457
2024-06-28,NY,3.457
2024-06-29,NY,3.457
2024-06-30,NY,3.457
2024-07-01,NY,3.483
2024-07-02,NY,3.483
2024-07-03,NY,3.483
2024-07-04,NY,3.483
2024-07-05,NY,3.483
2024-07-06,NY,3.483
2024-07-07,NY,3.483
2024-07-08,NY,3.524
2024-07-09,NY,3.524
2024-07-10,NY,3.524
2024-07-11,NY,3.524
2024-07-12,NY,3.524
2024-07-13,NY,3.524
2024-07-14,NY,3.524
2024-07-15,NY,3.512
2024-07-16,NY,3.512
2024-07-17,NY,3.512
2024-07-18,NY,3.512
2024-07-19,NY,3.512
2024-07-20,NY,3.512
2024-07-21,NY,3.512
2024-07-22,NY,3.517
2024-07-23,NY,3.517
2024-07-24,NY,3.517
2024-07-25,NY,3.517
2024-07-26,NY,3.517
2024-07-27,NY,3.517
2024-07-28,NY,3.517
2024-07-29,NY,3.504
2024-07-30,NY,3.504
2024-07-31,NY,3.504
2024-08-01,NY,3.504
2024-08-02,NY,3.504
2024-08-03,NY,3.504
2024-08-04,NY,3.504
2024-08-05,NY,3.459
2024-08-06,NY,3.459
2024-08-07,NY,3.459
2024-08-08,NY,3.459
2024-08-09,NY,3.459
2024-08-10,NY,3.459
2024-08-11,NY,3.459
2024-08-12,NY,3.438
2024-08-13,NY,3.438
2024-08-14,NY,3.438
2024-08-15,NY,3.438
2024-08-16,NY,3.438
2024-08-17,NY,3.438
2024-08-18,NY,3.438
2024-08-19,NY,3.416
2024-08-20,NY,3.416
2024-08-21,NY,3.416
2024-08-22,NY,3.416
2024-08-23,NY,3.416
2024-08-24,NY,3.416
2024-08-25,NY,3.416
2024-08-26,NY,3.382
2024-08-27,NY,3.382
2024-08-28,NY,3.382
2024-08-29,NY,3.382
2024-08-30,NY,3.382
2024-08-31,NY,3.382
2024-09-01,NY,3.382
2024-09-02,NY,3.346
2024-09-03,NY,3.346
2024-09-04,NY,3.346
2024-09-05,NY,3.346
2024-09-06,NY,3.346
2024-09-07,NY,3.346
2024-09-08,NY,3.346
2024-09-09,NY,3.276
2024-09-10,NY,3.276
2024-09-11,NY,3.276
2024-09-12,NY,3.276
2024-09-13,NY,3.276
2024-09-14,NY,3.276
2024-09-15,NY,3.276
2024-09-16,NY,3.229
2024-09-17,NY,3.229
2024-09-18,NY,3.229
2024-09-19,NY,3.229
2024-09-20,NY,3.229
2024-09-21,NY,3.229
2024-09-22,NY,3.229
2024-09-23,NY,3.188
2024-09-24,NY,3.188
2024-09-25,NY,3.188
2024-09-26,NY,3.188
2024-09-27,NY,3.188
2024-09-28,NY,3.188
2024-09-29,NY,3.188
2024-09-30,NY,3.126
2024-10-01,NY,3.126
2024-10-02,NY,3.126
2024-10-03,NY,3.126
2024-10-04,NY,3.126
2024-10-05,NY,3.126
2024-10-06,NY,3.126
2024-10-07,NY,3.102
2024-10-08,NY,3.102
2024-10-09,NY,3.102
2024-10-10,NY,3.102
2024-10-11,NY,3.102
2024-10-12,NY,3.102
2024-10-13,NY,3.102
2024-10-14,NY,3.154
2024-10-15,NY,3.154
2024-10-16,NY,3.154
2024-10-17,NY,3.154
2024-10-18,NY,3.154
2024-10-19,NY,3.154
2024-10-20,NY,3.154
2024-10-21,NY,3.131
2024-10-22,NY,3.131
2024-10-23,NY,3.131
2024-10-24,NY,3.131
2024-10-25,NY,3.131
2024-10-26,NY,3.131
2024-10-27,NY,3.131
2024-10-28,NY,3.116
2024-10-29,NY,3.116
2024-10-30,NY,3.116
2024-10-31,NY,3.116
2024-11-01,NY,3.116
2024-11-02,NY,3.116
2024-11-03,NY,3.116
2024-11-04,NY,3.085
2024-11-05,NY,3.085
2024-11-06,NY,3.085
2024-11-07,NY,3.085
2024-11-08,NY,3.085
2024-11-09,NY,3.085
2024-11-10,NY,3.085
2024-11-11,NY,3.073
2024-11-12,NY,3.073
2024-11-13,NY,3.073
2024-11-14,NY,3.073
2024-11-15,NY,3.073
2024-11-16,NY,3.073
2024-11-17,NY,3.073
2024-11-18,NY,3.06
2024-11-19,NY,3.06
2024-11-20,NY,3.06
2024-11-21,NY,3.06
2024-11-22,NY,3.06
2024-11-23,NY,3.06
2024-11-24,NY,3.06
2024-11-25,NY,3.087
2024-11-26,NY,3.087
2024-11-27,NY,3.087
2024-11-28,NY,3.087
2024-11-29,NY,3.087
2024-11-30,NY,3.087
2024-12-01,NY,3.087
2024-12-02,NY,3.091
2024-12-03,NY,3.091
2024-12-04,NY,3.091
2024-12-05,NY,3.091
2024-12-06,NY,3.091
2024-12-07,NY,3.091
2024-12-08,NY,3.091
2024-12-09,NY,3.087
2024-12-10,NY,3.087
2024-12-11,NY,3.087
2024-12-12,NY,3.087
2024-12-13,NY,3.087
2024-12-14,NY,3.087
2024-12-15,NY,3.087
2024-12-16,NY,3.068
2024-12-17,NY,3.068
2024-12-18,NY,3.068
2024-12-19,NY,3.068
2024-12-20,NY,3.068
2024-12-21,NY,3.068
2024-12-22,NY,3.068
2024-12-23,NY,3.059
2024-12-24,NY,3.059
2024-12-25,NY,3.059
2024-12-26,NY,3.059
2024-12-27,NY,3.059
2024-12-28,NY,3.059
2024-12-29,NY,3.059
2024-12-30,NY,3.045
2024-12-31,NY,3.045
2025-01-01,NY,3.045
2025-01-02,NY,3.045
2025-01-03,NY,3.045
2025-01-04,NY,3.045
2025-01-05,NY,3.045
2025-01-06,NY,3.055
2025-01-07,NY,3.055
2025-01-08,NY,3.055
2025-01-09,NY,3.055
2025-01-10,NY,3.055
2025-01-11,NY,3.055
2025-01-12,NY,3.055
2025-01-13,NY,3.06
2025-01-14,NY,3.06
2025-01-15,NY,3.06
2025-01-16,NY,3.06
2025-01-17,NY,3.06
2025-01-18,NY,3.06
2025-01-19,NY,3.06
2025-01-20,NY,3.097
2025-01-21,NY,3.097
2025-01-22,NY,3.097
2025-01-23,NY,3.097
2025-01-24,NY,3.097
2025-01-25,NY,3.097
2025-01-26,NY,3.097
2025-01-27,NY,3.105
2025-01-28,NY,3.105
2025-01-29,NY,3.105
2025-01-30,NY,3.105
2025-01-31,NY,3.105
2025-02-01,NY,3.105
2025-02-02,NY,3.105
2025-02-03,NY,3.088
2025-02-04,NY,3.088
2025-02-05,NY,3.088
2025-02-06,NY,3.088
2025-02-07,NY,3.088
2025-02-08,NY,3.088
2025-02-09,NY,3.088
2025-02-10,NY,3.095
2025-02-11,NY,3.095
2025-02-12,NY,3.095
2025-02-13,NY,3.095
2025-02-14,NY,3.095
2025-02-15,NY,3.095
2025-02-16,NY,3.095
2025-02-17,NY,3.09
2025-02-18,NY,3.09
2025-02-19,NY,3.09
2025-02-20,NY,3.09
2025-02-21,NY,3.09
2025-02-22,NY,3.09
2025-02-23,NY,3.09
2025-02-24,NY,3.083
2025-02-25,NY,3.083
2025-02-26,NY,3.083
2025-02-27,NY,3.083
2025-02-28,NY,3.083
2025-03-01,NY,3.083
2025-03-02,NY,3.083
2025-03-03,NY,3.051
2025-03-04,NY,3.051
2025-03-05,NY,3.051
2025-03-06,NY,3.051
2025-03-07,NY,3.051
2025-03-08,NY,3.051
2025-03-09,NY,3.051
2025-03-10,NY,3.02
2025-03-11,NY,3.02
2025-03-12,NY,3.02
2025-03-13,NY,3.02
2025-03-14,NY,3.02
2025-03-15,NY,3.02
2025-03-16,NY,3.02
2025-03-17,NY,3.0
2025-03-18,NY,3.0
2025-03-19,NY,3.0
2025-03-20,NY,3.0
2025-03-21,NY,3.0
2025-03-22,NY,3.0
2025-03-23,NY,3.0
2025-03-24,NY,3.008
2025-03-25,NY,3.008
2025-03-26,NY,3.008
2025-03-27,NY,3.008
2025-03-28,NY,3.008
2025-03-29,NY,3.008
2025-03-30,NY,3.008
2025-03-31,NY,3.033
2025-04-01,NY,3.033
2025-04-02,NY,3.033
2025-04-03,NY,3.033
2025-04-04,NY,3.033
2025-04-05,NY,3.033
2025-04-06,NY,3.033
2025-04-07,NY,3.069
2025-04-08,NY,3.069
2025-04-09,NY,3.069
2025-04-10,NY,3.069
2025-04-11,NY,3.069
2025-04-12,NY,3.069
2025-04-13,NY,3.069
2025-04-14,NY,3.016
2025-04-15,NY,3.016
2025-04-16,NY,3.016
2025-04-17,NY,3.016
2025-04-18,NY,3.016
2025-04-19,NY,3.016
2025-04-20,NY,3.016
2025-04-21,NY,3.022
2025-04-22,NY,3.022
2025-04-23,NY,3.022
2025-04-24,NY,3.022
2025-04-25,NY,3.022
2025-04-26,NY,3.022
2025-04-27,NY,3.022
2025-04-28,NY,3.025
2025-04-29,NY,3.025
2025-04-30,NY,3.025
2025-05-01,NY,3.025
2025-05-02,NY,3.025
2025-05-03,NY,3.025
2025-05-04,NY,3.025
2025-05-05,NY,3.032
2025-05-06,NY,3.032
2025-05-07,NY,3.032
2025-05-08,NY,3.032
2025-05-09,NY,3.032
2025-05-10,NY,3.032
2025-05-11,NY,3.032
2025-05-12,NY,3.023
2025-05-13,NY,3.023
2025-05-14,NY,3.023
2025-05-15,NY,3.023
2025-05-16,NY,3.023
2025-05-17,NY,3.023
2025-05-18,NY,3.023
2025-05-19,NY,3.062
2025-05-20,NY,3.062
2025-05-21,NY,3.062
2025-05-22,NY,3.062
2025-05-23,NY,3.062
2025-05-24,NY,3.062
2025-05-25,NY,3.062
2025-05-26,NY,3.051
2025-05-27,NY,3.051
2025-05-28,NY,3.051
2025-05-29,NY,3.051
2025-05-30,NY,3.051
2025-05-31,NY,3.051
2025-06-01,NY,3.051
2025-06-02,NY,3.026
2025-06-03,NY,3.026
2025-06-04,NY,3.026
2025-06-05,NY,3.026
2025-06-06,NY,3.026
2025-06-07,NY,3.026
2025-06-08,NY,3.026
2025-06-09,NY,3.002
2025-06-10,NY,3.002
2025-06-11,NY,3.002
2025-06-12,NY,3.002
2025-06-13,NY,3.002
2025-06-14,NY,3.002
2025-06-15,NY,3.002
2025-06-16,NY,3.039
2025-06-17,NY,3.039
2025-06-18,NY,3.039
2025-06-19,NY,3.039
2025-06-20,NY,3.039
2025-06-21,NY,3.039
2025-06-22,NY,3.039
2025-06-23,NY,3.134
2025-06-24,NY,3.134
2025-06-25,NY,3.134
2025-06-26,NY,3.134
2025-06-27,NY,3.134
2025-06-28,NY,3.134
2025-06-29,NY,3.134
2025-06-30,NY,3.123
2025-07-01,NY,3.123
2025-07-02,NY,3.123
2025-07-03,NY,3.123
2025-07-04,NY,3.123
2025-07-05,NY,3.123
2025-07-06,NY,3.123
2025-07-07,NY,3.095
2025-07-08,NY,3.095
2025-07-09,NY,3.095
2025-07-10,NY,3.095
2025-07-11,NY,3.095
2025-07-12,NY,3.095
2025-07-13,NY,3.095
2025-07-14,NY,3.081
2025-07-15,NY,3.081
2025-07-16,NY,3.081
2025-07-17,NY,3.081
2025-07-18,NY,3.081
2025-07-19,NY,3.081
2025-07-20,NY,3.081
2025-07-21,NY,3.078
2025-07-22,NY,3.078
2025-07-23,NY,3.078
2025-07-24,NY,3.078
2025-07-25,NY,3.078
2025-07-26,NY,3.078
2025-07-27,NY,3.078
2025-07-28,NY,3.06
2025-07-29,NY,3.06
2025-07-30,NY,3.06
2025-07-31,NY,3.06
2025-08-01,NY,3.06
2025-08-02,NY,3.06
2025-08-03,NY,3.06
2025-08-04,NY,3.092
2025-08-05,NY,3.092
2025-08-06,NY,3.092
2025-08-07,NY,3.092
2025-08-08,NY,3.092
2025-08-09,NY,3.092
2025-08-10,NY,3.092
2025-08-11,NY,3.074
2025-08-12,NY,3.074
2025-08-13,NY,3.074
2025-08-14,NY,3.074
2025-08-15,NY,3.074
2025-08-16,NY,3.074
2025-08-17,NY,3.074
2025-08-18,NY,3.067
2025-08-19,NY,3.067
2025-08-20,NY,3.067
2025-08-21,NY,3.067
2025-08-22,NY,3.067
2025-08-23,NY,3.067
2025-08-24,NY,3.067
2025-08-25,NY,3.056
2025-08-26,NY,3.056
2025-08-27,NY,3.056
2025-08-28,NY,3.056
2025-08-29,NY,3.056
2025-08-30,NY,3.056
2025-08-31,NY,3.056
2025-09-01,NY,3.098
2025-09-02,NY,3.098
2025-09-03,NY,3.098
2025-09-04,NY,3.098
2025-09-05,NY,3.098
2025-09-06,NY,3.098
2025-09-07,NY,3.098
2025-09-08,NY,3.156
2025-09-09,NY,3.156
2025-09-10,NY,3.156
2025-09-11,NY,3.156
2025-09-12,NY,3.156
2025-09-13,NY,3.156
2025-09-14,NY,3.156
2024-03-14,OH,3.353
2024-03-15,OH,3.353
2024-03-16,OH,3.353
2024-03-17,OH,3.353
2024-03-18,OH,3.212
2024-03-19,OH,3.212
2024-03-20,OH,3.212
2024-03-21,OH,3.212
2024-03-22,OH,3.212
2024-03-23,OH,3.212
2024-03-24,OH,3.212
2024-03-25,OH,3.418
2024-03-26,OH,3.418
2024-03-27,OH,3.418
2024-03-28,OH,3.418
2024-03-29,OH,3.418
2024-03-30,OH,3.418
2024-03-31,OH,3.418
2024-04-01,OH,3.322
2024-04-02,OH,3.322
2024-04-03,OH,3.322
2024-04-04,OH,3.322
2024-04-05,OH,3.322
2024-04-06,OH,3.322
2024-04-07,OH,3.322
2024-04-08,OH,3.521
2024-04-09,OH,3.521
2024-04-10,OH,3.521
2024-04-11,OH,3.521
2024-04-12,OH,3.521
2024-04-13,OH,3.521
2024-04-14,OH,3.521
2024-04-15,OH,3.391
2024-04-16,OH,3.391
2024-04-17,OH,3.391
2024-04-18,OH,3.391
2024-04-19,OH,3.391
2024-04-20,OH,3.391
2024-04-21,OH,3.391
2024-04-22,OH,3.647
2024-04-23,OH,3.647
2024-04-24,OH,3.647
2024-04-25,OH,3.647
2024-04-26,OH,3.647
2024-04-27,OH,3.647
2024-04-28,OH,3.647
2024-04-29,OH,3.487
2024-04-30,OH,3.487
2024-05-01,OH,3.487
2024-05-02,OH,3.487
2024-05-03,OH,3.487
2024-05-04,OH,3.487
2024-05-05,OH,3.487
2024-05-06,OH,3.338
2024-05-07,OH,3.338
2024-05-08,OH,3.338
2024-05-09,OH,3.338
2024-05-10,OH,3.338
2024-05-11,OH,3.338
2024-05-12,OH,3.338
2024-05-13,OH,3.505
2024-05-14,OH,3.505
2024-05-15,OH,3.505
2024-05-16,OH,3.505
2024-05-17,OH,3.505
2024-05-18,OH,3.505
2024-05-19,OH,3.505
2024-05-20,OH,3.6
2024-05-21,OH,3.6
2024-05-22,OH,3.6
2024-05-23,OH,3.6
2024-05-24,OH,3.6
2024-05-25,OH,3.6
2024-05-26,OH,3.6
2024-05-27,OH,3.459
2024-05-28,OH,3.459
2024-05-29,OH,3.459
2024-05-30,OH,3.459
2024-05-31,OH,3.459
2024-06-01,OH,3.459
2024-06-02,OH,3.459
2024-06-03,OH,3.319
2024-06-04,OH,3.319
2024-06-05,OH,3.319
2024-06-06,OH,3.319
2024-06-07,OH,3.319
2024-06-08,OH,3.319
2024-06-09,OH,3.319
2024-06-10,OH,3.187
2024-06-11,OH,3.187
2024-06-12,OH,3.187
2024-06-13,OH,3.187
2024-06-14,OH,3.187
2024-06-15,OH,3.187
2024-06-16,OH,3.187
2024-06-17,OH,3.439
2024-06-18,OH,3.439
2024-06-19,OH,3.439
2024-06-20,OH,3.439
2024-06-21,OH,3.439
2024-06-22,OH,3.439
2024-06-23,OH,3.439
2024-06-24,OH,3.346
2024-06-25,OH,3.346
2024-06-26,OH,3.346
2024-06-27,OH,3.346
2024-06-28,OH,3.346
2024-06-29,OH,3.346
2024-06-30,OH,3.346
2024-07-01,OH,3.543
2024-07-02,OH,3.543
2024-07-03,OH,3.543
2024-07-04,OH,3.543
2024-07-05,OH,3.543
2024-07-06,OH,3.543
2024-07-07,OH,3.543
2024-07-08,OH,3.385
2024-07-09,OH,3.385
2024-07-10,OH,3.385
2024-07-11,OH,3.385
2024-07-12,OH,3.385
2024-07-13,OH,3.385
2024-07-14,OH,3.385
2024-07-15,OH,3.278
2024-07-16,OH,3.278
2024-07-17,OH,3.278
2024-07-18,OH,3.278
2024-07-19,OH,3.278
2024-07-20,OH,3.278
2024-07-21,OH,3.278
2024-07-22,OH,3.467
2024-07-23,OH,3.467
2024-07-24,OH,3.467
2024-07-25,OH,3.467
2024-07-26,OH,3.467
2024-07-27,OH,3.467
2024-07-28,OH,3.467
2024-07-29,OH,3.579
2024-07-30,OH,3.579
2024-07-31,OH,3.579
2024-08-01,OH,3.579
2024-08-02,OH,3.579
2024-08-03,OH,3.579
2024-08-04,OH,3.579
2024-08-05,OH,3.443
2024-08-06,OH,3.443
2024-08-07,OH,3.443
2024-08-08,OH,3.443
2024-08-09,OH,3.443
2024-08-10,OH,3.443
2024-08-11,OH,3.443
2024-08-12,OH,3.514
2024-08-13,OH,3.514
2024-08-14,OH,3.514
2024-08-15,OH,3.514
2024-08-16,OH,3.514
2024-08-17,OH,3.514
2024-08-18,OH,3.514
2024-08-19,OH,3.367
2024-08-20,OH,3.367
2024-08-21,OH,3.367
2024-08-22,OH,3.367
2024-08-23,OH,3.367
2024-08-24,OH,3.367
2024-08-25,OH,3.367
2024-08-26,OH,3.161
2024-08-27,OH,3.161
2024-08-28,OH,3.161
2024-08-29,OH,3.161
2024-08-30,OH,3.161
2024-08-31,OH,3.161
2024-09-01,OH,3.161
2024-09-02,OH,3.216
2024-09-03,OH,3.216
2024-09-04,OH,3.216
2024-09-05,OH,3.216
2024-09-06,OH,3.216
2024-09-07,OH,3.216
2024-09-08,OH,3.216
2024-09-09,OH,3.037
2024-09-10,OH,3.037
2024-09-11,OH,3.037
2024-09-12,OH,3.037
2024-09-13,OH,3.037
2024-09-14,OH,3.037
2024-09-15,OH,3.037
2024-09-16,OH,2.882
2024-09-17,OH,2.882
2024-09-18,OH,2.882
2024-09-19,OH,2.882
2024-09-20,OH,2.882
2024-09-21,OH,2.882
2024-09-22,OH,2.882
2024-09-23,OH,3.093
2024-09-24,OH,3.093
2024-09-25,OH,3.093
2024-09-26,OH,3.093
2024-09-27,OH,3.093
2024-09-28,OH,3.093
2024-09-29,OH,3.093
2024-09-30,OH,3.215
2024-10-01,OH,3.215
2024-10-02,OH,3.215
2024-10-03,OH,3.215
2024-10-04,OH,3.215
2024-10-05,OH,3.215
2024-10-06,OH,3.215
2024-10-07,OH,3.027
2024-10-08,OH,3.027
2024-10-09,OH,3.027
2024-10-10,OH,3.027
2024-10-11,OH,3.027
2024-10-12,OH,3.027
2024-10-13,OH,3.027
2024-10-14,OH,3.174
2024-10-15,OH,3.174
2024-10-16,OH,3.174
2024-10-17,OH,3.174
2024-10-18,OH,3.174
2024-10-19,OH,3.174
2024-10-20,OH,3.174
2024-10-21,OH,2.95
2024-10-22,OH,2.95
2024-10-23,OH,2.95
2024-10-24,OH,2.95
2024-10-25,OH,2.95
2024-10-26,OH,2.95
2024-10-27,OH,2.95
2024-10-28,OH,2.782
2024-10-29,OH,2.782
2024-10-30,OH,2.782
2024-10-31,OH,2.782
2024-11-01,OH,2.782
2024-11-02,OH,2.782
2024-11-03,OH,2.782
2024-11-04,OH,2.965
2024-11-05,OH,2.965
2024-11-06,OH,2.965
2024-11-07,OH,2.965
2024-11-08,OH,2.965
2024-11-09,OH,2.965
2024-11-10,OH,2.965
2024-11-11,OH,2.774
2024-11-12,OH,2.774
2024-11-13,OH,2.774
2024-11-14,OH,2.774
2024-11-15,OH,2.774
2024-11-16,OH,2.774
2024-11-17,OH,2.774
2024-11-18,OH,2.784
2024-11-19,OH,2.784
2024-11-20,OH,2.784
2024-11-21,OH,2.784
2024-11-22,OH,2.784
2024-11-23,OH,2.784
2024-11-24,OH,2.784
2024-11-25,OH,2.786
2024-11-26,OH,2.786
2024-11-27,OH,2.786
2024-11-28,OH,2.786
2024-11-29,OH,2.786
2024-11-30,OH,2.786
2024-12-01,OH,2.786
2024-12-02,OH,3.002
2024-12-03,OH,3.002
2024-12-04,OH,3.002
2024-12-05,OH,3.002
2024-12-06,OH,3.002
2024-12-07,OH,3.002
2024-12-08,OH,3.002
2024-12-09,OH,2.791
2024-12-10,OH,2.791
2024-12-11,OH,2.791
2024-12-12,OH,2.791
2024-12-13,OH,2.791
2024-12-14,OH,2.791
2024-12-15,OH,2.791
2024-12-16,OH,3.053
2024-12-17,OH,3.053
2024-12-18,OH,3.053
2024-12-19,OH,3.053
2024-12-20,OH,3.053
2024-12-21,OH,3.053
2024-12-22,OH,3.053
2024-12-23,OH,3.132
2024-12-24,OH,3.132
2024-12-25,OH,3.132
2024-12-26,OH,3.132
2024-12-27,OH,3.132
2024-12-28,OH,3.132
2024-12-29,OH,3.132
2024-12-30,OH,2.955
2024-12-31,OH,2.955
2025-01-01,OH,2.955
2025-01-02,OH,2.955
2025-01-03,OH,2.955
2025-01-04,OH,2.955
2025-01-05,OH,2.955
2025-01-06,OH,3.056
2025-01-07,OH,3.056
2025-01-08,OH,3.056
2025-01-09,OH,3.056
2025-01-10,OH,3.056
2025-01-11,OH,3.056
2025-01-12,OH,3.056
2025-01-13,OH,2.905
2025-01-14,OH,2.905
2025-01-15,OH,2.905
2025-01-16,OH,2.905
2025-01-17,OH,2.905
2025-01-18,OH,2.905
2025-01-19,OH,2.905
2025-01-20,OH,3.078
2025-01-21,OH,3.078
2025-01-22,OH,3.078
2025-01-23,OH,3.078
2025-01-24,OH,3.078
2025-01-25,OH,3.078
2025-01-26,OH,3.078
2025-01-27,OH,2.949
2025-01-28,OH,2.949
2025-01-29,OH,2.949
2025-01-30,OH,2.949
2025-01-31,OH,2.949
2025-02-01,OH,2.949
2025-02-02,OH,2.949
2025-02-03,OH,2.821
2025-02-04,OH,2.821
2025-02-05,OH,2.821
2025-02-06,OH,2.821
2025-02-07,OH,2.821
2025-02-08,OH,2.821
2025-02-09,OH,2.821
2025-02-10,OH,3.046
2025-02-11,OH,3.046
2025-02-12,OH,3.046
2025-02-13,OH,3.046
2025-02-14,OH,3.046
2025-02-15,OH,3.046
2025-02-16,OH,3.046
2025-02-17,OH,2.998
2025-02-18,OH,2.998
2025-02-19,OH,2.998
2025-02-20,OH,2.998
2025-02-21,OH,2.998
2025-02-22,OH,2.998
2025-02-23,OH,2.998
2025-02-24,OH,2.87
2025-02-25,OH,2.87
2025-02-26,OH,2.87
2025-02-27,OH,2.87
2025-02-28,OH,2.87
2025-03-01,OH,2.87
2025-03-02,OH,2.87
2025-03-03,OH,2.747
2025-03-04,OH,2.747
2025-03-05,OH,2.747
2025-03-06,OH,2.747
2025-03-07,OH,2.747
2025-03-08,OH,2.747
2025-03-09,OH,2.747
2025-03-10,OH,2.777
2025-03-11,OH,2.777
2025-03-12,OH,2.777
2025-03-13,OH,2.777
2025-03-14,OH,2.777
2025-03-15,OH,2.777
2025-03-16,OH,2.777
2025-03-17,OH,2.886
2025-03-18,OH,2.886
2025-03-19,OH,2.886
2025-03-20,OH,2.886
2025-03-21,OH,2.886
2025-03-22,OH,2.886
2025-03-23,OH,2.886
2025-03-24,OH,3.105
2025-03-25,OH,3.105
2025-03-26,OH,3.105
2025-03-27,OH,3.105
2025-03-28,OH,3.105
2025-03-29,OH,3.105
2025-03-30,OH,3.105
2025-03-31,OH,3.087
2025-04-01,OH,3.087
2025-04-02,OH,3.087
2025-04-03,OH,3.087
2025-04-04,OH,3.087
2025-04-05,OH,3.087
2025-04-06,OH,3.087
2025-04-07,OH,3.125
2025-04-08,OH,3.125
2025-04-09,OH,3.125
2025-04-10,OH,3.125
2025-04-11,OH,3.125
2025-04-12,OH,3.125
2025-04-13,OH,3.125
2025-04-14,OH,2.945
2025-04-15,OH,2.945
2025-04-16,OH,2.945
2025-04-17,OH,2.945
2025-04-18,OH,2.945
2025-04-19,OH,2.945
2025-04-20,OH,2.945
2025-04-21,OH,3.122
2025-04-22,OH,3.122
2025-04-23,OH,3.122
2025-04-24,OH,3.122
2025-04-25,OH,3.122
2025-04-26,OH,3.122
2025-04-27,OH,3.122
2025-04-28,OH,2.976
2025-04-29,OH,2.976
2025-04-30,OH,2.976
2025-05-01,OH,2.976
2025-05-02,OH,2.976
2025-05-03,OH,2.976
2025-05-04,OH,2.976
2025-05-05,OH,3.113
2025-05-06,OH,3.113
2025-05-07,OH,3.113
2025-05-08,OH,3.113
2025-05-09,OH,3.113
2025-05-10,OH,3.113
2025-05-11,OH,3.113
2025-05-12,OH,2.942
2025-05-13,OH,2.942
2025-05-14,OH,2.942
2025-05-15,OH,2.942
2025-05-16,OH,2.942
2025-05-17,OH,2.942
2025-05-18,OH,2.942
2025-05-19,OH,3.0
2025-05-20,OH,3.0
2025-05-21,OH,3.0
2025-05-22,OH,3.0
2025-05-23,OH,3.0
2025-05-24,OH,3.0
2025-05-25,OH,3.0
2025-05-26,OH,3.004
2025-05-27,OH,3.004
2025-05-28,OH,3.004
2025-05-29,OH,3.004
2025-05-30,OH,3.004
2025-05-31,OH,3.004
2025-06-01,OH,3.004
2025-06-02,OH,2.879
2025-06-03,OH,2.879
2025-06-04,OH,2.879
2025-06-05,OH,2.879
2025-06-06,OH,2.879
2025-06-07,OH,2.879
2025-06-08,OH,2.879
2025-06-09,OH,3.033
2025-06-10,OH,3.033
2025-06-11,OH,3.033
2025-06-12,OH,3.033
2025-06-13,OH,3.033
2025-06-14,OH,3.033
2025-06-15,OH,3.033
2025-06-16,OH,3.066
2025-06-17,OH,3.066
2025-06-18,OH,3.066
2025-06-19,OH,3.066
2025-06-20,OH,3.066
2025-06-21,OH,3.066
2025-06-22,OH,3.066
2025-06-23,OH,3.161
2025-06-24,OH,3.161
2025-06-25,OH,3.161
2025-06-26,OH,3.161
2025-06-27,OH,3.161
2025-06-28,OH,3.161
2025-06-29,OH,3.161
2025-06-30,OH,2.99
2025-07-01,OH,2.99
2025-07-02,OH,2.99
2025-07-03,OH,2.99
2025-07-04,OH,2.99
2025-07-05,OH,2.99
2025-07-06,OH,2.99
2025-07-07,OH,2.852
2025-07-08,OH,2.852
2025-07-09,OH,2.852
2025-07-10,OH,2.852
2025-07-11,OH,2.852
2025-07-12,OH,2.852
2025-07-13,OH,2.852
2025-07-14,OH,3.051
2025-07-15,OH,3.051
2025-07-16,OH,3.051
2025-07-17,OH,3.051
2025-07-18,OH,3.051
2025-07-19,OH,3.051
2025-07-20,OH,3.051
2025-07-21,OH,2.89
2025-07-22,OH,2.89
2025-07-23,OH,2.89
2025-07-24,OH,2.89
2025-07-25,OH,2.89
2025-07-26,OH,2.89
2025-07-27,OH,2.89
2025-07-28,OH,3.094
2025-07-29,OH,3.094
2025-07-30,OH,3.094
2025-07-31,OH,3.094
2025-08-01,OH,3.094
2025-08-02,OH,3.094
2025-08-03,OH,3.094
2025-08-04,OH,3.174
2025-08-05,OH,3.174
2025-08-06,OH,3.174
2025-08-07,OH,3.174
2025-08-08,OH,3.174
2025-08-09,OH,3.174
2025-08-10,OH,3.174
2025-08-11,OH,2.918
2025-08-12,OH,2.918
2025-08-13,OH,2.918
2025-08-14,OH,2.918
2025-08-15,OH,2.918
2025-08-16,OH,2.918
2025-08-17,OH,2.918
2025-08-18,OH,3.081
2025-08-19,OH,3.081
2025-08-20,OH,3.081
2025-08-21,OH,3.081
2025-08-22,OH,3.081
2025-08-23,OH,3.081
2025-08-24,OH,3.081
2025-08-25,OH,3.414
2025-08-26,OH,3.414
2025-08-27,OH,3.414
2025-08-28,OH,3.414
2025-08-29,OH,3.414
2025-08-30,OH,3.414
2025-08-31,OH,3.414
2025-09-01,OH,3.172
2025-09-02,OH,3.172
2025-09-03,OH,3.172
2025-09-04,OH,3.172
2025-09-05,OH,3.172
2025-09-06,OH,3.172
2025-09-07,OH,3.172
2025-09-08,OH,2.993
2025-09-09,OH,2.993
2025-09-10,OH,2.993
2025-09-11,OH,2.993
2025-09-12,OH,2.993
2025-09-13,OH,2.993
2025-09-14,OH,2.993
2024-03-14,TX,2.899
2024-03-15,TX,2.899
2024-03-16,TX,2.899
2024-03-17,TX,2.899
2024-03-18,TX,3.065
2024-03-19,TX,3.065
2024-03-20,TX,3.065
2024-03-21,TX,3.065
2024-03-22,TX,3.065
2024-03-23,TX,3.065
2024-03-24,TX,3.065
2024-03-25,TX,3.177
2024-03-26,TX,3.177
2024-03-27,TX,3.177
2024-03-28,TX,3.177
2024-03-29,TX,3.177
2024-03-30,TX,3.177
2024-03-31,TX,3.177
2024-04-01,TX,3.099
2024-04-02,TX,3.099
2024-04-03,TX,3.099
2024-04-04,TX,3.099
2024-04-05,TX,3.099
2024-04-06,TX,3.099
2024-04-07,TX,3.099
2024-04-08,TX,3.229
2024-04-09,TX,3.229
2024-04-10,TX,3.229
2024-04-11,TX,3.229
2024-04-12,TX,3.229
2024-04-13,TX,3.229
2024-04-14,TX,3.229
2024-04-15,TX,3.17
2024-04-16,TX,3.17
2024-04-17,TX,3.17
2024-04-18,TX,3.17
2024-04-19,TX,3.17
2024-04-20,TX,3.17
2024-04-21,TX,3.17
2024-04-22,TX,3.261
2024-04-23,TX,3.261
2024-04-24,TX,3.261
2024-04-25,TX,3.261
2024-04-26,TX,3.261
2024-04-27,TX,3.261
2024-04-28,TX,3.261
2024-04-29,TX,3.201
2024-04-30,TX,3.201
2024-05-01,TX,3.201
2024-05-02,TX,3.201
2024-05-03,TX,3.201
2024-05-04,TX,3.201
2024-05-05,TX,3.201
2024-05-06,TX,3.268
2024-05-07,TX,3.268
2024-05-08,TX,3.268
2024-05-09,TX,3.268
2024-05-10,TX,3.268
2024-05-11,TX,3.268
2024-05-12,TX,3.268
2024-05-13,TX,3.168
2024-05-14,TX,3.168
2024-05-15,TX,3.168
2024-05-16,TX,3.168
2024-05-17,TX,3.168
2024-05-18,TX,3.168
2024-05-19,TX,3.168
2024-05-20,TX,3.094
2024-05-21,TX,3.094
2024-05-22,TX,3.094
2024-05-23,TX,3.094
2024-05-24,TX,3.094
2024-05-25,TX,3.094
2024-05-26,TX,3.094
2024-05-27,TX,3.119
2024-05-28,TX,3.119
2024-05-29,TX,3.119
2024-05-30,TX,3.119
2024-05-31,TX,3.119
2024-06-01,TX,3.119
2024-06-02,TX,3.119
2024-06-03,TX,3.023
2024-06-04,TX,3.023
2024-06-05,TX,3.023
2024-06-06,TX,3.023
2024-06-07,TX,3.023
2024-06-08,TX,3.023
2024-06-09,TX,3.023
2024-06-10,TX,2.908
2024-06-11,TX,2.908
2024-06-12,TX,2.908
2024-06-13,TX,2.908
2024-06-14,TX,2.908
2024-06-15,TX,2.908
2024-06-16,TX,2.908
2024-06-17,TX,2.98
2024-06-18,TX,2.98
2024-06-19,TX,2.98
2024-06-20,TX,2.98
2024-06-21,TX,2.98
2024-06-22,TX,2.98
2024-06-23,TX,2.98
2024-06-24,TX,3.009
2024-06-25,TX,3.009
2024-06-26,TX,3.009
2024-06-27,TX,3.009
2024-06-28,TX,3.009
2024-06-29,TX,3.009
2024-06-30,TX,3.009
2024-07-01,TX,3.082
2024-07-02,TX,3.082
2024-07-03,TX,3.082
2024-07-04,TX,3.082
2024-07-05,TX,3.082
2024-07-06,TX,3.082
2024-07-07,TX,3.082
2024-07-08,TX,3.03
2024-07-09,TX,3.03
2024-07-10,TX,3.03
2024-07-11,TX,3.03
2024-07-12,TX,3.03
2024-07-13,TX,3.03
2024-07-14,TX,3.03
2024-07-15,TX,3.109
2024-07-16,TX,3.109
2024-07-17,TX,3.109
2024-07-18,TX,3.109
2024-07-19,TX,3.109
2024-07-20,TX,3.109
2024-07-21,TX,3.109
2024-07-22,TX,3.024
2024-07-23,TX,3.024
2024-07-24,TX,3.024
2024-07-25,TX,3.024
2024-07-26,TX,3.024
2024-07-27,TX,3.024
2024-07-28,TX,3.024
2024-07-29,TX,3.111
2024-07-30,TX,3.111
2024-07-31,TX,3.111
2024-08-01,TX,3.111
2024-08-02,TX,3.111
2024-08-03,TX,3.111
2024-08-04,TX,3.111
2024-08-05,TX,2.993
2024-08-06,TX,2.993
2024-08-07,TX,2.993
2024-08-08,TX,2.993
2024-08-09,TX,2.993
2024-08-10,TX,2.993
2024-08-11,TX,2.993
2024-08-12,TX,2.975
2024-08-13,TX,2.975
2024-08-14,TX,2.975
2024-08-15,TX,2.975
2024-08-16,TX,2.975
2024-08-17,TX,2.975
2024-08-18,TX,2.975
2024-08-19,TX,2.981
2024-08-20,TX,2.981
2024-08-21,TX,2.981
2024-08-22,TX,2.981
2024-08-23,TX,2.981
2024-08-24,TX,2.981
2024-08-25,TX,2.981
2024-08-26,TX,2.87
2024-08-27,TX,2.87
2024-08-28,TX,2.87
2024-08-29,TX,2.87
2024-08-30,TX,2.87
2024-08-31,TX,2.87
2024-09-01,TX,2.87
2024-09-02,TX,2.804
2024-09-03,TX,2.804
2024-09-04,TX,2.804
2024-09-05,TX,2.804
2024-09-06,TX,2.804
2024-09-07,TX,2.804
2024-09-08,TX,2.804
2024-09-09,TX,2.775
2024-09-10,TX,2.775
2024-09-11,TX,2.775
2024-09-12,TX,2.775
2024-09-13,TX,2.775
2024-09-14,TX,2.775
2024-09-15,TX,2.775
2024-09-16,TX,2.689
2024-09-17,TX,2.689
2024-09-18,TX,2.689
2024-09-19,TX,2.689
2024-09-20,TX,2.689
2024-09-21,TX,2.689
2024-09-22,TX,2.689
2024-09-23,TX,2.71
2024-09-24,TX,2.71
2024-09-25,TX,2.71
2024-09-26,TX,2.71
2024-09-27,TX,2.71
2024-09-28,TX,2.71
2024-09-29,TX,2.71
2024-09-30,TX,2.657
2024-10-01,TX,2.657
2024-10-02,TX,2.657
2024-10-03,TX,2.657
2024-10-04,TX,2.657
2024-10-05,TX,2.657
2024-10-06,TX,2.657
2024-10-07,TX,2.707
2024-10-08,TX,2.707
2024-10-09,TX,2.707
2024-10-10,TX,2.707
2024-10-11,TX,2.707
2024-10-12,TX,2.707
2024-10-13,TX,2.707
2024-10-14,TX,2.692
2024-10-15,TX,2.692
2024-10-16,TX,2.692
2024-10-17,TX,2.692
2024-10-18,TX,2.692
2024-10-19,TX,2.692
2024-10-20,TX,2.692
2024-10-21,TX,2.681
2024-10-22,TX,2.681
2024-10-23,TX,2.681
2024-10-24,TX,2.681
2024-10-25,TX,2.681
2024-10-26,TX,2.681
2024-10-27,TX,2.681
2024-10-28,TX,2.578
2024-10-29,TX,2.578
2024-10-30,TX,2.578
2024-10-31,TX,2.578
2024-11-01,TX,2.578
2024-11-02,TX,2.578
2024-11-03,TX,2.578
2024-11-04,TX,2.562
2024-11-05,TX,2.562
2024-11-06,TX,2.562
2024-11-07,TX,2.562
2024-11-08,TX,2.562
2024-11-09,TX,2.562
2024-11-10,TX,2.562
2024-11-11,TX,2.552
2024-11-12,TX,2.552
2024-11-13,TX,2.552
2024-11-14,TX,2.552
2024-11-15,TX,2.552
2024-11-16,TX,2.552
2024-11-17,TX,2.552
2024-11-18,TX,2.59
2024-11-19,TX,2.59
2024-11-20,TX,2.59
2024-11-21,TX,2.59
2024-11-22,TX,2.59
2024-11-23,TX,2.59
2024-11-24,TX,2.59
2024-11-25,TX,2.596
2024-11-26,TX,2.596
2024-11-27,TX,2.596
2024-11-28,TX,2.596
2024-11-29,TX,2.596
2024-11-30,TX,2.596
2024-12-01,TX,2.596
2024-12-02,TX,2.521
2024-12-03,TX,2.521
2024-12-04,TX,2.521
2024-12-05,TX,2.521
2024-12-06,TX,2.521
2024-12-07,TX,2.521
2024-12-08,TX,2.521
2024-12-09,TX,2.56
2024-12-10,TX,2.56
2024-12-11,TX,2.56
2024-12-12,TX,2.56
2024-12-13,TX,2.56
2024-12-14,TX,2.56
2024-12-15,TX,2.56
2024-12-16,TX,2.508
2024-12-17,TX,2.508
2024-12-18,TX,2.508
2024-12-19,TX,2.508
2024-12-20,TX,2.508
2024-12-21,TX,2.508
2024-12-22,TX,2.508
2024-12-23,TX,2.618
2024-12-24,TX,2.618
2024-12-25,TX,2.618
2024-12-26,TX,2.618
2024-12-27,TX,2.618
2024-12-28,TX,2.618
2024-12-29,TX,2.618
2024-12-30,TX,2.576
2024-12-31,TX,2.576
2025-01-01,TX,2.576
2025-01-02,TX,2.576
2025-01-03,TX,2.576
2025-01-04,TX,2.576
2025-01-05,TX,2.576
2025-01-06,TX,2.626
2025-01-07,TX,2.626
2025-01-08,TX,2.626
2025-01-09,TX,2.626
2025-01-10,TX,2.626
2025-01-11,TX,2.626
2025-01-12,TX,2.626
2025-01-13,TX,2.638
2025-01-14,TX,2.638
2025-01-15,TX,2.638
2025-01-16,TX,2.638
2025-01-17,TX,2.638
2025-01-18,TX,2.638
2025-01-19,TX,2.638
2025-01-20,TX,2.65
2025-01-21,TX,2.65
2025-01-22,TX,2.65
2025-01-23,TX,2.65
2025-01-24,TX,2.65
2025-01-25,TX,2.65
2025-01-26,TX,2.65
2025-01-27,TX,2.657
2025-01-28,TX,2.657
2025-01-29,TX,2.657
2025-01-30,TX,2.657
2025-01-31,TX,2.657
2025-02-01,TX,2.657
2025-02-02,TX,2.657
2025-02-03,TX,2.668
2025-02-04,TX,2.668
2025-02-05,TX,2.668
2025-02-06,TX,2.668
2025-02-07,TX,2.668
2025-02-08,TX,2.668
2025-02-09,TX,2.668
2025-02-10,TX,2.64
2025-02-11,TX,2.64
2025-02-12,TX,2.64
2025-02-13,TX,2.64
2025-02-14,TX,2.64
2025-02-15,TX,2.64
2025-02-16,TX,2.64
2025-02-17,TX,2.704
2025-02-18,TX,2.704
2025-02-19,TX,2.704
2025-02-20,TX,2.704
2025-02-21,TX,2.704
2025-02-22,TX,2.704
2025-02-23,TX,2.704
2025-02-24,TX,2.671
2025-02-25,TX,2.671
2025-02-26,TX,2.671
2025-02-27,TX,2.671
2025-02-28,TX,2.671
2025-03-01,TX,2.671
2025-03-02,TX,2.671
2025-03-03,TX,2.581
2025-03-04,TX,2.581
2025-03-05,TX,2.581
2025-03-06,TX,2.581
2025-03-07,TX,2.581
2025-03-08,TX,2.581
2025-03-09,TX,2.581
2025-03-10,TX,2.665
2025-03-11,TX,2.665
2025-03-12,TX,2.665
2025-03-13,TX,2.665
2025-03-14,TX,2.665
2025-03-15,TX,2.665
2025-03-16,TX,2.665
2025-03-17,TX,2.595
2025-03-18,TX,2.595
2025-03-19,TX,2.595
2025-03-20,TX,2.595
2025-03-21,TX,2.595
2025-03-22,TX,2.595
2025-03-23,TX,2.595
2025-03-24,TX,2.739
2025-03-25,TX,2.739
2025-03-26,TX,2.739
2025-03-27,TX,2.739
2025-03-28,TX,2.739
2025-03-29,TX,2.739
2025-03-30,TX,2.739
2025-03-31,TX,2.703
2025-04-01,TX,2.703
2025-04-02,TX,2.703
2025-04-03,TX,2.703
2025-04-04,TX,2.703
2025-04-05,TX,2.703
2025-04-06,TX,2.703
2025-04-07,TX,2.842
2025-04-08,TX,2.842
2025-04-09,TX,2.842
2025-04-10,TX,2.842
2025-04-11,TX,2.842
2025-04-12,TX,2.842
2025-04-13,TX,2.842
2025-04-14,TX,2.74
2025-04-15,TX,2.74
2025-04-16,TX,2.74
2025-04-17,TX,2.74
2025-04-18,TX,2.74
2025-04-19,TX,2.74
2025-04-20,TX,2.74
2025-04-21,TX,2.664
2025-04-22,TX,2.664
2025-04-23,TX,2.664
2025-04-24,TX,2.664
2025-04-25,TX,2.664
2025-04-26,TX,2.664
2025-04-27,TX,2.664
2025-04-28,TX,2.665
2025-04-29,TX,2.665
2025-04-30,TX,2.665
2025-05-01,TX,2.665
2025-05-02,TX,2.665
2025-05-03,TX,2.665
2025-05-04,TX,2.665
2025-05-05,TX,2.725
2025-05-06,TX,2.725
2025-05-07,TX,2.725
2025-05-08,TX,2.725
2025-05-09,TX,2.725
2025-05-10,TX,2.725
2025-05-11,TX,2.725
2025-05-12,TX,2.703
2025-05-13,TX,2.703
2025-05-14,TX,2.703
2025-05-15,TX,2.703
2025-05-16,TX,2.703
2025-05-17,TX,2.703
2025-05-18,TX,2.703
2025-05-19,TX,2.807
2025-05-20,TX,2.807
2025-05-21,TX,2.807
2025-05-22,TX,2.807
2025-05-23,TX,2.807
2025-05-24,TX,2.807
2025-05-25,TX,2.807
2025-05-26,TX,2.735
2025-05-27,TX,2.735
2025-05-28,TX,2.735
2025-05-29,TX,2.735
2025-05-30,TX,2.735
2025-05-31,TX,2.735
2025-06-01,TX,2.735
2025-06-02,TX,2.688
2025-06-03,TX,2.688
2025-06-04,TX,2.688
2025-06-05,TX,2.688
2025-06-06,TX,2.688
2025-06-07,TX,2.688
2025-06-08,TX,2.688
2025-06-09,TX,2.734
2025-06-10,TX,2.734
2025-06-11,TX,2.734
2025-06-12,TX,2.734
2025-06-13,TX,2.734
2025-06-14,TX,2.734
2025-06-15,TX,2.734
2025-06-16,TX,2.728
2025-06-17,TX,2.728
2025-06-18,TX,2.728
2025-06-19,TX,2.728
2025-06-20,TX,2.728
2025-06-21,TX,2.728
2025-06-22,TX,2.728
2025-06-23,TX,2.861
2025-06-24,TX,2.861
2025-06-25,TX,2.861
2025-06-26,TX,2.861
2025-06-27,TX,2.861
2025-06-28,TX,2.861
2025-06-29,TX,2.861
2025-06-30,TX,2.727
2025-07-01,TX,2.727
2025-07-02,TX,2.727
2025-07-03,TX,2.727
2025-07-04,TX,2.727
2025-07-05,TX,2.727
2025-07-06,TX,2.727
2025-07-07,TX,2.664
2025-07-08,TX,2.664
2025-07-09,TX,2.664
2025-07-10,TX,2.664
2025-07-11,TX,2.664
2025-07-12,TX,2.664
2025-07-13,TX,2.664
2025-07-14,TX,2.741
2025-07-15,TX,2.741
2025-07-16,TX,2.741
2025-07-17,TX,2.741
2025-07-18,TX,2.741
2025-07-19,TX,2.741
2025-07-20,TX,2.741
2025-07-21,TX,2.728
2025-07-22,TX,2.728
2025-07-23,TX,2.728
2025-07-24,TX,2.728
2025-07-25,TX,2.728
2025-07-26,TX,2.728
2025-07-27,TX,2.728
2025-07-28,TX,2.743
2025-07-29,TX,2.743
2025-07-30,TX,2.743
2025-07-31,TX,2.743
2025-08-01,TX,2.743
2025-08-02,TX,2.743
2025-08-03,TX,2.743
2025-08-04,TX,2.727
2025-08-05,TX,2.727
2025-08-06,TX,2.727
2025-08-07,TX,2.727
2025-08-08,TX,2.727
2025-08-09,TX,2.727
2025-08-10,TX,2.727
2025-08-11,TX,2.651
2025-08-12,TX,2.651
2025-08-13,TX,2.651
2025-08-14,TX,2.651
2025-08-15,TX,2.651
2025-08-16,TX,2.651
2025-08-17,TX,2.651
2025-08-18,TX,2.757
2025-08-19,TX,2.757
2025-08-20,TX,2.757
2025-08-21,TX,2.757
2025-08-22,TX,2.757
2025-08-23,TX,2.757
2025-08-24,TX,2.757
2025-08-25,TX,2.68
2025-08-26,TX,2.68
2025-08-27,TX,2.68
2025-08-28,TX,2.68
2025-08-29,TX,2.68
2025-08-30,TX,2.68
2025-08-31,TX,2.68
2025-09-01,TX,2.754
2025-09-02,TX,2.754
2025-09-03,TX,2.754
2025-09-04,TX,2.754
2025-09-05,TX,2.754
2025-09-06,TX,2.754
2025-09-07,TX,2.754
2025-09-08,TX,2.694
2025-09-09,TX,2.694
2025-09-10,TX,2.694
2025-09-11,TX,2.694
2025-09-12,TX,2.694
2025-09-13,TX,2.694
2025-09-14,TX,2.694
2024-03-14,WA,4.085
2024-03-15,WA,4.085
2024-03-16,WA,4.085
2024-03-17,WA,4.085
2024-03-18,WA,4.169
2024-03-19,WA,4.169
2024-03-20,WA,4.169
2024-03-21,WA,4.169
2024-03-22,WA,4.169
2024-03-23,WA,4.169
2024-03-24,WA,4.169
2024-03-25,WA,4.278
2024-03-26,WA,4.278
2024-03-27,WA,4.278
2024-03-28,WA,4.278
2024-03-29,WA,4.278
2024-03-30,WA,4.278
2024-03-31,WA,4.278
2024-04-01,WA,4.407
2024-04-02,WA,4.407
2024-04-03,WA,4.407
2024-04-04,WA,4.407
2024-04-05,WA,4.407
2024-04-06,WA,4.407
2024-04-07,WA,4.407
2024-04-08,WA,4.501
2024-04-09,WA,4.501
2024-04-10,WA,4.501
2024-04-11,WA,4.501
2024-04-12,WA,4.501
2024-04-13,WA,4.501
2024-04-14,WA,4.501
2024-04-15,WA,4.547
2024-04-16,WA,4.547
2024-04-17,WA,4.547
2024-04-18,WA,4.547
2024-04-19,WA,4.547
2024-04-20,WA,4.547
2024-04-21,WA,4.547
2024-04-22,WA,4.539
2024-04-23,WA,4.539
2024-04-24,WA,4.539
2024-04-25,WA,4.539
2024-04-26,WA,4.539
2024-04-27,WA,4.539
2024-04-28,WA,4.539
2024-04-29,WA,4.545
2024-04-30,WA,4.545
2024-05-01,WA,4.545
2024-05-02,WA,4.545
2024-05-03,WA,4.545
2024-05-04,WA,4.545
2024-05-05,WA,4.545
2024-05-06,WA,4.542
2024-05-07,WA,4.542
2024-05-08,WA,4.542
2024-05-09,WA,4.542
2024-05-10,WA,4.542
2024-05-11,WA,4.542
2024-05-12,WA,4.542
2024-05-13,WA,4.519
2024-05-14,WA,4.519
2024-05-15,WA,4.519
2024-05-16,WA,4.519
2024-05-17,WA,4.519
2024-05-18,WA,4.519
2024-05-19,WA,4.519
2024-05-20,WA,4.475
2024-05-21,WA,4.475
2024-05-22,WA,4.475
2024-05-23,WA,4.475
2024-05-24,WA,4.475
2024-05-25,WA,4.475
2024-05-26,WA,4.475
2024-05-27,WA,4.48
2024-05-28,WA,4.48
2024-05-29,WA,4.48
2024-05-30,WA,4.48
2024-05-31,WA,4.48
2024-06-01,WA,4.48
2024-06-02,WA,4.48
2024-06-03,WA,4.38
2024-06-04,WA,4.38
2024-06-05,WA,4.38
2024-06-06,WA,4.38
2024-06-07,WA,4.38
2024-06-08,WA,4.38
2024-06-09,WA,4.38
2024-06-10,WA,4.286
2024-06-11,WA,4.286
2024-06-12,WA,4.286
2024-06-13,WA,4.286
2024-06-14,WA,4.286
2024-06-15,WA,4.286
2024-06-16,WA,4.286
2024-06-17,WA,4.18
2024-06-18,WA,4.18
2024-06-19,WA,4.18
2024-06-20,WA,4.18
2024-06-21,WA,4.18
2024-06-22,WA,4.18
2024-06-23,WA,4.18
2024-06-24,WA,4.159
2024-06-25,WA,4.159
2024-06-26,WA,4.159
2024-06-27,WA,4.159
2024-06-28,WA,4.159
2024-06-29,WA,4.159
2024-06-30,WA,4.159
2024-07-01,WA,4.148
2024-07-02,WA,4.148
2024-07-03,WA,4.148
2024-07-04,WA,4.148
2024-07-05,WA,4.148
2024-07-06,WA,4.148
2024-07-07,WA,4.148
2024-07-08,WA,4.145
2024-07-09,WA,4.145
2024-07-10,WA,4.145
2024-07-11,WA,4.145
2024-07-12,WA,4.145
2024-07-13,WA,4.145
2024-07-14,WA,4.145
2024-07-15,WA,4.133
2024-07-16,WA,4.133
2024-07-17,WA,4.133
2024-07-18,WA,4.133
2024-07-19,WA,4.133
2024-07-20,WA,4.133
2024-07-21,WA,4.133
2024-07-22,WA,4.096
2024-07-23,WA,4.096
2024-07-24,WA,4.096
2024-07-25,WA,4.096
2024-07-26,WA,4.096
2024-07-27,WA,4.096
2024-07-28,WA,4.096
2024-07-29,WA,4.108
2024-07-30,WA,4.108
2024-07-31,WA,4.108
2024-08-01,WA,4.108
2024-08-02,WA,4.108
2024-08-03,WA,4.108
2024-08-04,WA,4.108
2024-08-05,WA,4.049
2024-08-06,WA,4.049
2024-08-07,WA,4.049
2024-08-08,WA,4.049
2024-08-09,WA,4.049
2024-08-10,WA,4.049
2024-08-11,WA,4.049
2024-08-12,WA,4.08
2024-08-13,WA,4.08
2024-08-14,WA,4.08
2024-08-15,WA,4.08
2024-08-16,WA,4.08
2024-08-17,WA,4.08
2024-08-18,WA,4.08
2024-08-19,WA,4.041
2024-08-20,WA,4.041
2024-08-21,WA,4.041
2024-08-22,WA,4.041
2024-08-23,WA,4.041
2024-08-24,WA,4.041
2024-08-25,WA,4.041
2024-08-26,WA,4.018
2024-08-27,WA,4.018
2024-08-28,WA,4.018
2024-08-29,WA,4.018
2024-08-30,WA,4.018
2024-08-31,WA,4.018
2024-09-01,WA,4.018
2024-09-02,WA,4.057
2024-09-03,WA,4.057
2024-09-04,WA,4.057
2024-09-05,WA,4.057
2024-09-06,WA,4.057
2024-09-07,WA,4.057
2024-09-08,WA,4.057
2024-09-09,WA,3.99
2024-09-10,WA,3.99
2024-09-11,WA,3.99
2024-09-12,WA,3.99
2024-09-13,WA,3.99
2024-09-14,WA,3.99
2024-09-15,WA,3.99
2024-09-16,WA,3.99
2024-09-17,WA,3.99
2024-09-18,WA,3.99
2024-09-19,WA,3.99
2024-09-20,WA,3.99
2024-09-21,WA,3.99
2024-09-22,WA,3.99
2024-09-23,WA,3.95
2024-09-24,WA,3.95
2024-09-25,WA,3.95
2024-09-26,WA,3.95
2024-09-27,WA,3.95
2024-09-28,WA,3.95
2024-09-29,WA,3.95
2024-09-30,WA,3.908
2024-10-01,WA,3.908
2024-10-02,WA,3.908
2024-10-03,WA,3.908
2024-10-04,WA,3.908
2024-10-05,WA,3.908
2024-10-06,WA,3.908
2024-10-07,WA,3.872
2024-10-08,WA,3.872
2024-10-09,WA,3.872
2024-10-10,WA,3.872
2024-10-11,WA,3.872
2024-10-12,WA,3.872
2024-10-13,WA,3.872
2024-10-14,WA,3.917
2024-10-15,WA,3.917
2024-10-16,WA,3.917
2024-10-17,WA,3.917
2024-10-18,WA,3.917
2024-10-19,WA,3.917
2024-10-20,WA,3.917
2024-10-21,WA,3.912
2024-10-22,WA,3.912
2024-10-23,WA,3.912
2024-10-24,WA,3.912
2024-10-25,WA,3.912
2024-10-26,WA,3.912
2024-10-27,WA,3.912
2024-10-28,WA,3.897
2024-10-29,WA,3.897
2024-10-30,WA,3.897
2024-10-31,WA,3.897
2024-11-01,WA,3.897
2024-11-02,WA,3.897
2024-11-03,WA,3.897
2024-11-04,WA,3.871
2024-11-05,WA,3.871
2024-11-06,WA,3.871
2024-11-07,WA,3.871
2024-11-08,WA,3.871
2024-11-09,WA,3.871
2024-11-10,WA,3.871
2024-11-11,WA,3.864
2024-11-12,WA,3.864
2024-11-13,WA,3.864
2024-11-14,WA,3.864
2024-11-15,WA,3.864
2024-11-16,WA,3.864
2024-11-17,WA,3.864
2024-11-18,WA,3.843
2024-11-19,WA,3.843
2024-11-20,WA,3.843
2024-11-21,WA,3.843
2024-11-22,WA,3.843
2024-11-23,WA,3.843
2024-11-24,WA,3.843
2024-11-25,WA,3.834
2024-11-26,WA,3.834
2024-11-27,WA,3.834
2024-11-28,WA,3.834
2024-11-29,WA,3.834
2024-11-30,WA,3.834
2024-12-01,WA,3.834
2024-12-02,WA,3.872
2024-12-03,WA,3.872
2024-12-04,WA,3.872
2024-12-05,WA,3.872
2024-12-06,WA,3.872
2024-12-07,WA,3.872
2024-12-08,WA,3.872
2024-12-09,WA,3.825
2024-12-10,WA,3.825
2024-12-11,WA,3.825
2024-12-12,WA,3.825
2024-12-13,WA,3.825
2024-12-14,WA,3.825
2024-12-15,WA,3.825
2024-12-16,WA,3.776
2024-12-17,WA,3.776
2024-12-18,WA,3.776
2024-12-19,WA,3.776
2024-12-20,WA,3.776
2024-12-21,WA,3.776
2024-12-22,WA,3.776
2024-12-23,WA,3.763
2024-12-24,WA,3.763
2024-12-25,WA,3.763
2024-12-26,WA,3.763
2024-12-27,WA,3.763
2024-12-28,WA,3.763
2024-12-29,WA,3.763
2024-12-30,WA,3.747
2024-12-31,WA,3.747
2025-01-01,WA,3.747
2025-01-02,WA,3.747
2025-01-03,WA,3.747
2025-01-04,WA,3.747
2025-01-05,WA,3.747
2025-01-06,WA,3.751
2025-01-07,WA,3.751
2025-01-08,WA,3.751
2025-01-09,WA,3.751
2025-01-10,WA,3.751
2025-01-11,WA,3.751
2025-01-12,WA,3.751
2025-01-13,WA,3.756
2025-01-14,WA,3.756
2025-01-15,WA,3.756
2025-01-16,WA,3.756
2025-01-17,WA,3.756
2025-01-18,WA,3.756
2025-01-19,WA,3.756
2025-01-20,WA,3.791
2025-01-21,WA,3.791
2025-01-22,WA,3.791
2025-01-23,WA,3.791
2025-01-24,WA,3.791
2025-01-25,WA,3.791
2025-01-26,WA,3.791
2025-01-27,WA,3.823
2025-01-28,WA,3.823
2025-01-29,WA,3.823
2025-01-30,WA,3.823
2025-01-31,WA,3.823
2025-02-01,WA,3.823
2025-02-02,WA,3.823
2025-02-03,WA,3.851
2025-02-04,WA,3.851
2025-02-05,WA,3.851
2025-02-06,WA,3.851
2025-02-07,WA,3.851
2025-02-08,WA,3.851
2025-02-09,WA,3.851
2025-02-10,WA,3.91
2025-02-11,WA,3.91
2025-02-12,WA,3.91
2025-02-13,WA,3.91
2025-02-14,WA,3.91
2025-02-15,WA,3.91
2025-02-16,WA,3.91
2025-02-17,WA,4.017
2025-02-18,WA,4.017
2025-02-19,WA,4.017
2025-02-20,WA,4.017
2025-02-21,WA,4.017
2025-02-22,WA,4.017
2025-02-23,WA,4.017
2025-02-24,WA,4.01
2025-02-25,WA,4.01
2025-02-26,WA,4.01
2025-02-27,WA,4.01
2025-02-28,WA,4.01
2025-03-01,WA,4.01
2025-03-02,WA,4.01
2025-03-03,WA,3.998
2025-03-04,WA,3.998
2025-03-05,WA,3.998
2025-03-06,WA,3.998
2025-03-07,WA,3.998
2025-03-08,WA,3.998
2025-03-09,WA,3.998
2025-03-10,WA,3.944
2025-03-11,WA,3.944
2025-03-12,WA,3.944
2025-03-13,WA,3.944
2025-03-14,WA,3.944
2025-03-15,WA,3.944
2025-03-16,WA,3.944
2025-03-17,WA,3.92
2025-03-18,WA,3.92
2025-03-19,WA,3.92
2025-03-20,WA,3.92
2025-03-21,WA,3.92
2025-03-22,WA,3.92
2025-03-23,WA,3.92
2025-03-24,WA,3.934
2025-03-25,WA,3.934
2025-03-26,WA,3.934
2025-03-27,WA,3.934
2025-03-28,WA,3.934
2025-03-29,WA,3.934
2025-03-30,WA,3.934
2025-03-31,WA,4.037
2025-04-01,WA,4.037
2025-04-02,WA,4.037
2025-04-03,WA,4.037
2025-04-04,WA,4.037
2025-04-05,WA,4.037
2025-04-06,WA,4.037
2025-04-07,WA,4.225
2025-04-08,WA,4.225
2025-04-09,WA,4.225
2025-04-10,WA,4.225
2025-04-11,WA,4.225
2025-04-12,WA,4.225
2025-04-13,WA,4.225
2025-04-14,WA,4.195
2025-04-15,WA,4.195
2025-04-16,WA,4.195
2025-04-17,WA,4.195
2025-04-18,WA,4.195
2025-04-19,WA,4.195
2025-04-20,WA,4.195
2025-04-21,WA,4.141
2025-04-22,WA,4.141
2025-04-23,WA,4.141
2025-04-24,WA,4.141
2025-04-25,WA,4.141
2025-04-26,WA,4.141
2025-04-27,WA,4.141
2025-04-28,WA,4.098
2025-04-29,WA,4.098
2025-04-30,WA,4.098
2025-05-01,WA,4.098
2025-05-02,WA,4.098
2025-05-03,WA,4.098
2025-05-04,WA,4.098
2025-05-05,WA,4.092
2025-05-06,WA,4.092
2025-05-07,WA,4.092
2025-05-08,WA,4.092
2025-05-09,WA,4.092
2025-05-10,WA,4.092
2025-05-11,WA,4.092
2025-05-12,WA,4.118
2025-05-13,WA,4.118
2025-05-14,WA,4.118
2025-05-15,WA,4.118
2025-05-16,WA,4.118
2025-05-17,WA,4.118
2025-05-18,WA,4.118
2025-05-19,WA,4.177
2025-05-20,WA,4.177
2025-05-21,WA,4.177
2025-05-22,WA,4.177
2025-05-23,WA,4.177
2025-05-24,WA,4.177
2025-05-25,WA,4.177
2025-05-26,WA,4.246
2025-05-27,WA,4.246
2025-05-28,WA,4.246
2025-05-29,WA,4.246
2025-05-30,WA,4.246
2025-05-31,WA,4.246
2025-06-01,WA,4.246
2025-06-02,WA,4.232
2025-06-03,WA,4.232
2025-06-04,WA,4.232
2025-06-05,WA,4.232
2025-06-06,WA,4.232
2025-06-07,WA,4.232
2025-06-08,WA,4.232
2025-06-09,WA,4.2
2025-06-10,WA,4.2
2025-06-11,WA,4.2
2025-06-12,WA,4.2
2025-06-13,WA,4.2
2025-06-14,WA,4.2
2025-06-15,WA,4.2
2025-06-16,WA,4.219
2025-06-17,WA,4.219
2025-06-18,WA,4.219
2025-06-19,WA,4.219
2025-06-20,WA,4.219
2025-06-21,WA,4.219
2025-06-22,WA,4.219
2025-06-23,WA,4.29
2025-06-24,WA,4.29
2025-06-25,WA,4.29
2025-06-26,WA,4.29
2025-06-27,WA,4.29
2025-06-28,WA,4.29
2025-06-29,WA,4.29
2025-06-30,WA,4.301
2025-07-01,WA,4.301
2025-07-02,WA,4.301
2025-07-03,WA,4.301
2025-07-04,WA,4.301
2025-07-05,WA,4.301
2025-07-06,WA,4.301
2025-07-07,WA,4.274
2025-07-08,WA,4.274
2025-07-09,WA,4.274
2025-07-10,WA,4.274
2025-07-11,WA,4.274
2025-07-12,WA,4.274
2025-07-13,WA,4.274
2025-07-14,WA,4.26
2025-07-15,WA,4.26
2025-07-16,WA,4.26
2025-07-17,WA,4.26
2025-07-18,WA,4.26
2025-07-19,WA,4.26
2025-07-20,WA,4.26
2025-07-21,WA,4.26
2025-07-22,WA,4.26
2025-07-23,WA,4.26
2025-07-24,WA,4.26
2025-07-25,WA,4.26
2025-07-26,WA,4.26
2025-07-27,WA,4.26
2025-07-28,WA,4.245
2025-07-29,WA,4.245
2025-07-30,WA,4.245
2025-07-31,WA,4.245
2025-08-01,WA,4.245
2025-08-02,WA,4.245
2025-08-03,WA,4.245
2025-08-04,WA,4.273
2025-08-05,WA,4.273
2025-08-06,WA,4.273
2025-08-07,WA,4.273
2025-08-08,WA,4.273
2025-08-09,WA,4.273
2025-08-10,WA,4.273
2025-08-11,WA,4.314
2025-08-12,WA,4.314
2025-08-13,WA,4.314
2025-08-14,WA,4.314
2025-08-15,WA,4.314
2025-08-16,WA,4.314
2025-08-17,WA,4.314
2025-08-18,WA,4.313
2025-08-19,WA,4.313
2025-08-20,WA,4.313
2025-08-21,WA,4.313
2025-08-22,WA,4.313
2025-08-23,WA,4.313
2025-08-24,WA,4.313
2025-08-25,WA,4.291
2025-08-26,WA,4.291
2025-08-27,WA,4.291
2025-08-28,WA,4.291
2025-08-29,WA,4.291
2025-08-30,WA,4.291
2025-08-31,WA,4.291
2025-09-01,WA,4.294
2025-09-02,WA,4.294
2025-09-03,WA,4.294
2025-09-04,WA,4.294
2025-09-05,WA,4.294
2025-09-06,WA,4.294
2025-09-07,WA,4.294
2025-09-08,WA,4.365
2025-09-09,WA,4.365
2025-09-10,WA,4.365
2025-09-11,WA,4.365
2025-09-12,WA,4.365
2025-09-13,WA,4.365
2025-09-14,WA,4.365
